w_momentum,w_reversal,w_trend,w_vol_penalty,w_drawdown_buy,MERTON_GAMMA,MERTON_MAX_WEIGHT,MERTON_MAX_SECTOR,MERTON_N_TOP,VIEW_SCALE,BL_TAU,BL_DELTA,BL_RF,COV_BLEND_ALPHA,COV_SHRINKAGE,EWMA_LAMBDA,COV_SHORT_WINDOW,COV_LONG_WINDOW,COMPOSITE_MOMENTUM_WINDOW,COMPOSITE_MOMENTUM_SKIP,COMPOSITE_REVERSAL_WINDOW,COMPOSITE_TREND_WINDOW,COMPOSITE_VOL_WINDOW,COMPOSITE_DRAWDOWN_WINDOW,DN_BAND,DN_MIN_BAND,DN_CRISIS_MULT,DN_CAUTION_MULT,VOL_CAUTION_THR,VOL_CRISIS_THR,CRISIS_VIEW_BOOST,CAUTION_VIEW_BOOST,REGIME_EW_MDD_CRISIS,REGIME_EW_MDD_CAUTION,REGIME_AVG_CORR_CRISIS,REGIME_AVG_CORR_CAUTION,REGIME_LOOKBACK_DD,REGIME_CORR_LOOKBACK,REBALANCE_FREQ,BL_PRIOR_WEIGHTS_MODE,Sharpe
0.11184961941278464,0.2622448554114144,0.546798826284779,0.02231075932366826,0.056795939567353716,-0.4789678747435935,0.22816823046167875,0.2824434873498245,32,0.3874099449024446,0.04951944989838328,2.5227800436065255,0.029827932863255965,0.4651852894566776,0.09828882550343437,0.9524451472855189,121,206,148,24,24,244,107,338,0.08866395475081137,0.008180378453201796,2.107460725730456,1.4836246969233877,0.22239298260725376,0.45606691990828,1.1411807390005484,1.240660805133545,0.39612003933163464,0.11545116054734213,0.5487439092802715,0.3243431828053927,264,22,10,1,0.7320086122048827
0.16711932423544584,0.12235328805178385,0.42523253224098256,0.07934903170532048,0.20594582376646725,-1.261136916839619,0.21322987495097148,0.30019223854030486,37,0.268671585714925,0.05751265307379877,3.3122686777911214,0.031381248993133395,0.5035923964454672,0.05590702528412425,0.8707770802336475,21,378,74,24,36,205,111,139,0.022383519526292632,0.0338356042578023,2.175763881333721,1.308709743204562,0.2180851965937605,0.3405245685160822,1.1036017606651454,1.0073758322395558,0.3910424727071007,0.15595638366437983,0.4841685540511208,0.39827949984539074,375,41,63,0,0.7686973180963912
0.14796318473551728,0.27785495920366343,0.01334148436183352,0.4694740900026972,0.09136628169628862,-1.3978084361997982,0.20718481426102248,0.32324376675302147,38,0.3320669489334903,0.08823359955636222,1.9344226070429806,0.014183223621454423,0.454884511112753,0.392405398059976,0.9723307793046865,98,265,106,49,21,218,54,378,0.022800917178723318,0.0026975573236810435,1.8080751749368125,1.245094051114064,0.2814269978041472,0.49061563218931675,1.327476389513774,1.1984426542940503,0.3646102392032863,0.19372657880780106,0.6362254934519798,0.3039576278060373,314,79,21,0,0.6711362966309591
0.24325012142054872,0.11071253193475192,0.23111378245756592,0.4049418660539269,0.009981698133206601,-1.1046467159228457,0.2652227329686116,0.49970062190810044,10,0.18192660378091607,0.03954515542771864,2.2144394255590543,0.002739901630913458,0.8222309502260003,0.2727264976520935,0.8707672711945945,21,264,129,4,13,193,59,184,0.022704725300533097,0.004609500147756101,2.110525245240442,1.6369806109581821,0.21897607765610363,0.46799405879905,1.2112396599451676,1.0391977020370697,0.29673785074620607,0.14743218715045833,0.633401378593588,0.298505659795161,146,30,63,1,0.6656356989459554
0.43234203339986027,0.3647849952173705,0.14416303092973373,0.016258507719479648,0.04245143273355578,-0.7482877888796265,0.2575720957003714,0.36623593150684286,34,0.4648066650723993,0.07749073737506264,3.1092561998361057,0.034218703827907974,0.46035454617761845,0.3264091800727289,0.8823921839696528,26,150,80,1,19,145,73,271,0.062404803318774224,0.024100149168375776,1.4796353164286329,1.6225674878326488,0.22287035010650116,0.4889786076903626,1.1742507709713543,1.2396380286521111,0.3147198865593737,0.1663888281311647,0.5879358011207266,0.36294038008023144,198,64,10,0,0.6699472561895264
0.028165692685009434,0.14440621131940126,0.6281498328460468,0.0176076870785506,0.18167057607099205,-0.6208091395833422,0.5135257527980263,0.40924159928077664,40,0.5077738538405868,0.08044187226696446,2.0975689338978425,0.029018993679568922,0.5040494186155233,0.31244555152346176,0.9000231821497805,41,185,151,46,10,205,94,314,0.05917185401524452,0.03131766471187944,1.895746792757394,1.5657930406632432,0.18750765388710017,0.44766580425183855,1.4887621599506837,1.211663657115691,0.3845673951592568,0.15953189435873977,0.6274536758614203,0.2973283741073509,253,113,63,0,0.7232041558534272
0.007440418503472617,0.07301467419993204,0.187458407814387,0.11612138993639626,0.6159651095458121,-1.3484294958159793,0.44677392372518726,0.35343753710536596,15,0.3347460336718219,0.030730326010233604,2.5240307640521555,0.038794747071334866,0.40274054715442353,0.05401411210533392,0.8587834885792253,76,334,121,6,42,165,25,308,0.05752371575703892,0.004805610877737077,1.8370787500354622,1.207360070444277,0.26569817617137514,0.4445481488070862,1.1727759713026178,1.0766267910110323,0.3960558371465992,0.19194904288539186,0.5428751579942198,0.34488179734445096,376,76,63,0,0.6552888352709773
0.03511882104548625,0.05344165776823622,0.2451940228633416,0.6174757690607571,0.04876972926217883,-1.4411614264070851,0.2877849006323927,0.34648988103927947,39,0.43789122608519687,0.06879314515168602,1.5584081908998015,0.0020255784073250076,0.571217835689058,0.3561977286684537,0.9689496252889868,40,233,131,47,18,242,52,228,0.0722251213190717,0.014613693856443143,1.3071540244894648,1.5751979552007942,0.1903706774731577,0.4725712263265909,1.4855199437458375,1.2746217828882362,0.3206444973035581,0.1140861759086993,0.6314733876452574,0.419259187249139,302,123,10,1,0.7027955748708958
0.50921359540664,0.028226143935458036,0.0441746293817,0.33281225940504433,0.08557337187115761,-1.1425180022357524,0.4766345918475544,0.37553980228977346,7,0.5360799980520744,0.033287241327746575,2.4743215875925326,0.007187158828962218,0.8624741827912712,0.22101679419801448,0.8931555820331775,68,275,84,3,27,185,63,241,0.022266162652365334,0.015652103996630945,2.166336852954516,1.5188251065993166,0.2880033296886769,0.5296722555672014,1.561778461654691,1.2399077948842248,0.32597084042930596,0.16285541416905178,0.5354898613859833,0.3439270067803992,158,81,10,0,0.5408486833933289
0.2006348411084407,0.0030427882984921002,0.15531615344921607,0.5287126493491908,0.11229356779466043,-1.099453384033099,0.46341083569178587,0.2907136888517238,33,0.12487270776278014,0.067393841184369,2.5609010722091963,0.038961922716267035,0.5495221207879091,0.32514035486534953,0.8523303607344498,124,156,166,31,5,134,40,143,0.028942469726653593,0.014989722923692118,1.6742738639161396,1.5637924893785216,0.28651143580330374,0.40410584094851904,1.1104939967871557,1.1734090743334984,0.24038840007230702,0.14617820396249334,0.5202750086436645,0.34198260269468383,278,26,63,1,0.6990914005081543
0.15576795171885752,0.38628463308815353,0.054380745126261565,0.11429792004939773,0.28926875001732966,-1.0137535597992051,0.28601908562787026,0.4723238038209933,38,0.5253992259733834,0.08572336210380735,3.3349360291682206,0.005762156075355153,0.30942872143515304,0.11950553031426413,0.903576262257907,100,346,151,3,21,202,75,162,0.02494224053775566,0.0271320087201311,1.0974573167615493,1.248648531587536,0.2666728528316863,0.47710569977817063,1.24317189379416,1.0883673023744393,0.3890593971608264,0.13297040667387067,0.46593015615639954,0.3195627664989711,318,70,10,0,0.6256645187923757
0.008565442338787543,0.5617089546306995,0.11918028662912297,0.04736119267982838,0.2631841237215616,-1.1609710822440924,0.35171755412056976,0.27605254847038896,34,0.2873005245835444,0.02201863519103087,1.9479338448419818,0.04092616483005203,0.46846588442653186,0.14481442074423517,0.9383041171709885,78,352,168,15,17,157,109,306,0.07545021828525729,0.024551756490243264,1.3579948133470356,1.1807353202383575,0.2709543223985918,0.48257084008746426,1.5377673546150934,1.233940024979134,0.31581899807435476,0.11599293667762256,0.6291896930438812,0.39128690068529043,314,82,10,1,0.6411283884487147
0.09509546907296482,0.06171354915279044,0.12093717737008293,0.32805516567116977,0.39419863873299194,-1.073782519420137,0.3489906605691448,0.4817080672627473,28,0.4641027637736121,0.027419352776346582,2.4022158335139197,0.023230740112974838,0.7853029181618834,0.35716355304575,0.869845699511532,62,316,141,25,28,133,37,209,0.058742453976819826,0.03846865658899111,1.3726225676823665,1.5249701025167042,0.21881420747932212,0.46776926547557174,1.3648447823686727,1.1537280532481635,0.2984741318422408,0.16047319635456975,0.5307286178246422,0.4225248157232045,336,32,21,1,0.5415477886194627
0.07938907398685903,0.06201704721788233,0.23305392777018358,0.15483962128621742,0.47070032973885767,-0.8457455628361757,0.5922078735503252,0.2910186458405675,22,0.5248767858603678,0.08179757787970479,2.6360243995293358,0.031898546080644796,0.7334617073897711,0.20693450157884927,0.9324821607507557,34,202,162,1,9,203,41,246,0.08338959128959882,0.010561504399641009,2.6359222821521744,1.9863273880403982,0.2877699430586432,0.5418132764503196,1.0954395855305568,1.049523959300592,0.2810951458634184,0.14337795098430386,0.4819261844743256,0.30411054894769,319,22,10,1,0.587153461813781
0.0964574539117727,0.09349131740245269,0.11502242300956318,0.4376432991607045,0.2573855065155069,-1.078711350431365,0.4141301034325711,0.27437294061973244,19,0.21578637987229665,0.0446847334108909,2.148904339650117,0.025875201138168973,0.49966200437075353,0.1644014055240565,0.9580669558000158,51,155,64,25,5,185,27,179,0.0643618036728031,0.029118528367970922,2.915377521033095,1.2180002045537326,0.290400019490549,0.37579808194374703,1.3113194355706685,1.204321066105819,0.383506583964092,0.12977333023669949,0.5506345809132828,0.2872945177935684,344,52,10,1,0.5530495218013108
0.3493881275461279,0.10345529348740021,0.07092677320785756,0.4004399874882281,0.07578981827038613,-0.4214494777518607,0.37941156384637614,0.2897241054399424,40,0.347931934637642,0.067491412647402,2.8856691594439736,0.030192881769645425,0.3248670897349132,0.2736655661702278,0.9698112460886779,84,303,135,51,11,178,111,330,0.029819071632268938,0.03582165172630024,1.8728760780290845,1.8766693335889735,0.218499416517335,0.46359366891211534,1.5079561178729526,1.213407079406592,0.35158720919943853,0.21647763421405433,0.4767193706846924,0.2963192446607959,282,79,21,1,0.7514908387892969
0.19459373183183468,0.22790716994719715,0.020567999901609485,0.1492205825195063,0.4077105157998525,-0.9848975867570459,0.44773414360354347,0.31820075942396175,36,0.24398136941517679,0.028565905553806524,2.1979169923647657,0.04210725051876298,0.3956541759641333,0.14719105035427724,0.970454758910546,114,230,107,9,37,154,25,234,0.03660947496252905,0.007222661254440475,2.4844869548038746,1.9894613127864282,0.29511388842538055,0.49303209749551175,1.548569413571317,1.2961184113929893,0.3394995737008688,0.1173534385910769,0.6213833707428098,0.34334117981452544,350,88,10,0,0.5519573174327146
0.07529536593935945,0.02525506271197812,0.18357455599060749,0.372825358749393,0.34304965660866193,-0.44708836233001054,0.5272562841715183,0.48527820513518516,23,0.3936260430103339,0.07871206602061408,2.6747374794133787,0.0036644761724854997,0.33714229189453204,0.3160488204876005,0.8763050187338466,117,330,154,24,40,101,47,268,0.05101265605842672,0.0029553679239345642,1.5221491750205547,1.3066435665724945,0.22148163874581459,0.48257071575550653,1.1003641247030855,1.132987687701806,0.34922967824775203,0.21356053803138655,0.4818476451702218,0.2926911486018167,365,41,21,0,0.634143991165896
0.07062415280307464,0.03084421601031912,0.08896412111823325,0.250403960383919,0.559163549684454,-0.787490919873263,0.34554746733632746,0.29204448523900356,19,0.23312292469543638,0.03366526843286897,2.462070976189935,0.03919907265815038,0.72987041115957,0.12113198635317589,0.8546575363114328,31,370,71,35,21,220,59,372,0.025872246812684754,0.010182041025648273,2.3715594992379754,1.5680677035820714,0.24200364087159607,0.5273826824445816,1.0679984925384223,1.0586433079520847,0.34180271871789714,0.16783739358101668,0.6462194194722471,0.43638805874740255,298,24,21,1,0.5205323528750606
0.17245301538841684,0.27433453760481996,0.42554228267643873,0.0530299387504809,0.07464022557984354,-1.328087404983008,0.20333346892473433,0.46341160478943755,32,0.42833454637054563,0.08017598840030254,2.0760555522329747,0.018782664227783838,0.4056615513591862,0.2607615771679134,0.9590961789581811,66,328,87,49,18,139,66,303,0.028870127064085014,0.02145204563436694,1.220499351123185,1.5403494953095311,0.2450548701759346,0.39979834757950145,1.2096966650510834,1.2133347781838495,0.32658852710816977,0.14891651673135703,0.48141569451613525,0.32516639754000176,195,110,10,1,0.6570543557001758
0.14970504253412964,0.10227500516902385,0.6576410504483533,0.08292725194404403,0.007451649904449101,-0.7343559292515388,0.32240391965110676,0.488824081644546,9,0.4339870612716986,0.07658340227923446,1.927292432347444,0.038969123661531845,0.49723367284081976,0.08852601163675244,0.8565207173688063,59,331,120,32,29,252,49,194,0.03872610618591297,0.03389970590385428,1.0661566086065368,1.2626623206207042,0.19913767252219428,0.42297095613967356,1.210502094984273,1.1184272287166876,0.3932776853606584,0.16954721783779397,0.5750349203928742,0.34240339628097405,339,70,63,0,0.7909962752636286
0.08780697646207843,0.3836169176192557,0.36825155795837033,0.011362550314806019,0.14896199764548937,-0.4967972058743661,0.5059586137420676,0.44988168879791246,23,0.21520176442605274,0.05493576440745832,3.2671873954320203,0.011069592367132553,0.7883498699319197,0.23852690577155722,0.8784385568979562,89,235,141,4,9,202,42,309,0.02202821788979683,0.012056579990659663,2.537529659011959,1.2003624206555266,0.24443838382054658,0.5053521650764472,1.3419813751221974,1.0366666352337974,0.40365030770069005,0.18960571942835483,0.5673382139051454,0.3332547321802984,241,82,63,0,0.8181197466204791
0.055072824974685665,0.6433011353234169,0.0295858658810853,0.1212297955999113,0.15081037822090085,-0.801179966571289,0.4320671387567839,0.3976347531496556,8,0.1609092720661907,0.05111216673985615,1.6585863203950555,0.01884456560099548,0.3472764908187075,0.07322060855706752,0.8635528500524763,108,250,112,39,33,172,50,343,0.036330027458741455,0.011488611389682607,1.9428566606458009,1.0749803279902852,0.2338649802170285,0.4542213238278062,1.4947449913137032,1.0168481776998257,0.3839848646646111,0.16835902783603718,0.5698835099169555,0.28817351900593835,313,70,63,0,0.7013668833664193
0.0959752789015404,0.09459657204449988,0.3285634142576431,0.06980105124486555,0.41106368355145106,-0.7716122452628631,0.430731593561053,0.3783839769602276,14,0.38987691561628685,0.06404745494098117,2.173665873888897,0.028871062858313104,0.3500349148223434,0.21765679926212203,0.9088668342381928,90,198,86,30,33,202,94,157,0.040788778435189736,0.0024810056905981925,2.19432462804746,1.0816841111427897,0.2075282167137193,0.4230090078182339,1.2710448532080378,1.0098960503175118,0.4105186211137309,0.12760415808519102,0.575894535771403,0.3155530808903414,259,84,63,0,0.8038982386659239
0.15755585231686858,0.16997553427801887,0.12640163644060992,0.3374721792813051,0.20859479768319736,-1.2045553778845906,0.23664102015549468,0.3133377972640227,29,0.38117068915835806,0.053150773136665753,2.1225235305541865,0.004425433710033295,0.6579829359397982,0.08849115374708767,0.9171963486038496,55,207,151,32,28,159,37,250,0.0858653919810387,0.0036309334079624956,2.3575199183344786,1.4364069991552433,0.25362032134443413,0.4105555546426053,1.0742712516463317,1.1687185469550756,0.2410990073971068,0.20368554027581173,0.6117611208898102,0.3398015272672593,216,35,21,0,0.6747897988598673
0.550855105723794,0.012828512664718158,0.049186216732505665,0.1422769286456781,0.24485323623330396,-0.6969865108231181,0.3693444997332614,0.2529231554618536,23,0.3986158925606001,0.05254008958116392,1.7336221282454114,0.02839520378687315,0.5669413804936613,0.1572415839003538,0.8849893623818682,90,269,139,13,17,160,41,364,0.053442733879957786,0.010139431912620216,2.042508881868468,1.917323563494298,0.2839499116987072,0.47576748542067226,1.5394334054811416,1.2269922245277116,0.3624264928963439,0.15136698704915527,0.4883858280017819,0.3971255244272823,132,88,63,1,0.8185673454731865
0.030415991628624146,0.3087770464872582,0.103040409018805,0.0513660219170069,0.5064005309483057,-1.142902596854643,0.5993065436770831,0.4920779093958725,34,0.17782758175924634,0.02052940571946558,1.9984613199350871,0.042499556164129905,0.7829459738413821,0.1999746574690863,0.9489598682253396,92,164,178,13,16,113,113,257,0.04300916524663788,0.0017888055966578298,1.3203662289586358,1.5508637415887594,0.18287276850966988,0.4455333324790534,1.1019879997361919,1.2246261659253188,0.2630373921651878,0.12484159514190896,0.511091088963032,0.3732351830238868,194,55,63,0,0.6814801906839049
0.5438838843885908,0.050470669468583515,0.12971772423698305,0.03874876578868595,0.23717895611715678,-0.5498837785255956,0.3636757581337658,0.4125519181578884,32,0.14936011938645632,0.04887037339677904,1.700831329174487,0.015953999614313447,0.739941780162054,0.16939985554194426,0.9386843547598074,75,178,146,20,28,162,93,254,0.035987341941416555,0.027947100312468453,2.764618161237066,1.8126299780059136,0.18370518232572983,0.4322661277994409,1.2064035811087848,1.1718530233006528,0.25499222817567346,0.18755665101655097,0.5391875822732382,0.4310254730797979,176,23,21,0,0.7374725542265326
0.1314469757438876,0.3713394236703873,0.09035577196793826,0.1624429328725979,0.24441489574518896,-0.6906496899191485,0.36788274137510124,0.31576178795803,22,0.48254948839641,0.04843110042498929,2.5990768227732755,0.041813646495208,0.4299344292834042,0.3681978811431816,0.9649814255259794,119,212,155,11,31,200,93,149,0.060760207271999066,0.007893474744226166,2.1252153313638873,1.6729388989395368,0.2382651749710056,0.4762354647529035,1.274916303050757,1.2410452584167342,0.36976076324759316,0.11068532790600039,0.6061689144057525,0.325568646736617,263,85,10,0,0.5740948153519806
0.2176311514970331,0.073525406165146,0.21787863989153755,0.12330054592887238,0.36766425651741097,-1.088845100758874,0.5495658192555886,0.3111249204621097,9,0.41665335303755197,0.04859761145205401,3.1994367510017967,0.029087938918892976,0.7071568626074878,0.08250065212231673,0.9476781051143052,77,231,66,39,21,229,73,156,0.021074048212424104,0.030318199707120207,2.9370595945306706,1.9003808031739498,0.23226515105491477,0.5117355543347754,1.0141068703427185,1.017551417935559,0.344663524196362,0.1633048898344816,0.6167275359797068,0.31735230858130237,273,70,63,1,0.7593888694785741
0.18942837767569448,0.16710540565320894,0.19506363116943717,0.32340426895901364,0.12499831654264572,-1.0591980908381158,0.30272589547236983,0.36635511786786573,11,0.28866593850650296,0.06045649878931613,2.7719997624396973,0.03832826750090309,0.6366260645189583,0.18389878288188855,0.9749948437677819,81,216,85,41,6,171,117,250,0.030606320768419345,0.015411347679911454,1.685784568239923,1.3546624164404675,0.2821336682531864,0.38679876328878876,1.0795890132988812,1.0647051014428306,0.41094502374248376,0.15146104588275533,0.5285360680068856,0.4043787293118064,193,56,63,0,0.7073855849559614
0.3796857942882953,0.14907664604193577,0.11326648832648302,0.21767074030681288,0.14030033103647302,-1.19726333387626,0.2750176974016252,0.3155786242463614,23,0.48090929184290354,0.08358336312339555,1.7278737258083472,0.01570158517450375,0.7333473066073489,0.35090397194554135,0.92282604198231,78,316,165,12,18,219,109,333,0.04848982662440823,0.009433590767799772,1.0661703980300057,1.6295467383959514,0.25590439244708857,0.3202751433362161,1.3120894858635448,1.281533450751599,0.24519772607538715,0.11648811622080688,0.47097476775997127,0.3498460864871891,304,61,63,1,0.823612331669481
0.07872059225211474,0.050507823153881436,0.773737655399136,0.01787943570182198,0.07915449349304589,-1.0663208967035305,0.20023430938850947,0.32180134152497786,40,0.3845685328055751,0.0686999693331967,2.801662020100473,0.027651205349919262,0.3207380996763171,0.27917412549569404,0.9258937242210956,84,174,90,5,20,202,46,350,0.03951578932317261,0.006516028846027258,2.5932637812413786,1.7611357762317528,0.2822607608625975,0.47579324392071765,1.25010409300198,1.142654360212832,0.33993503305936995,0.17151973377521676,0.6395878591828634,0.32246604855806077,345,111,63,1,0.7422851322255948
0.08501496752669242,0.1812795699327389,0.05330865697012789,0.5603593990764325,0.12003740649400833,-0.779971288677283,0.39538274545625646,0.4254557026941287,5,0.5406987258870115,0.09529612442519007,1.8625189771025719,0.006301548772796297,0.4727698975144295,0.10079314761048411,0.9493272448239432,45,340,129,7,16,111,79,207,0.06808449678378856,0.030808990637869373,1.921387824791808,1.6390526432730104,0.290105255866717,0.5224507160220812,1.0706279819261808,1.2139700480254256,0.3797858658209752,0.2088748345740731,0.5394424664088903,0.3049677475809855,267,71,63,0,0.5132043113690857
0.19366998921139641,0.20830054494294847,0.10623376438232801,0.2631084748122545,0.22868722665107252,-1.3441530998557518,0.22334407134298134,0.34876353196772086,30,0.39893911525265535,0.08330835904397146,2.744937676204982,0.035295100020556414,0.8976987466222939,0.29965355717965064,0.9620193354748927,111,282,187,16,33,120,107,235,0.022547174595853568,0.03693606418067535,1.4754288095557833,1.3053280873228577,0.19622712146957272,0.4659445825795034,1.017812334272412,1.2397270047061784,0.2937091458814202,0.18926469779860158,0.6330340507435602,0.390449050852221,145,37,21,1,0.6893511971796822
0.40556336256019426,0.4298977834050785,0.024323535630336818,0.00221334480918346,0.13800197359520705,-0.8142710010487857,0.22539929882738777,0.38773884736069364,27,0.3732773942603968,0.04346885721606879,3.2720599128880936,0.010789004719583531,0.3863048315818447,0.15826428652651076,0.8939902384345562,110,352,81,34,18,118,76,225,0.02719306780659402,0.028228997665931083,2.7098977553285986,1.0934964060725885,0.2399867841365606,0.3762617554579464,1.1710257691161288,1.2240392298265743,0.41586537093336906,0.133468903763937,0.5630869785764743,0.3296499731476339,226,27,10,1,0.6287865386141689
0.013836182945499506,0.13145209840542946,0.6116979819370705,0.04442992916417271,0.19858380754782792,-1.2708001890890273,0.5052543239004357,0.3214840458207795,23,0.39859392166383933,0.06601482281217563,1.9352938556135342,0.037542554540186776,0.5128951619752896,0.3196964598295156,0.9117463763606748,94,275,120,29,32,217,57,308,0.05114445439545896,0.02962162438887623,2.3950937700493506,1.945325934962129,0.22903715640232591,0.400267667569236,1.5968978900541022,1.154904451507452,0.3153243277700897,0.1840877583486894,0.5075247430436407,0.433240117844962,319,104,63,0,0.7784036366254098
0.16215539393746986,0.02824803659313241,0.26346916450378804,0.30045241097429687,0.24567499399131287,-1.3985898201022033,0.49648982332334696,0.46657653609221666,28,0.3247528326449897,0.02641140148816234,2.5851537805377998,0.010914238737410332,0.3195616714805083,0.37752874760232685,0.9582005082097437,89,295,167,39,37,202,126,243,0.02848900581467119,0.011549704251359833,2.0121402651522207,1.5820850718886645,0.2161807042855912,0.3492604934966461,1.2054075473563386,1.0556903380045863,0.40750390784157603,0.1265154930136472,0.5348717140815875,0.3666979457569019,283,47,21,0,0.7189411080430309
0.45109332803521546,0.008036802611841184,0.4316097674796616,0.09513862088487349,0.014121480988408359,-0.4193402168036477,0.26729711347927576,0.4318626186137818,25,0.2307467339800224,0.05036958380723281,2.4623924348597024,0.016691373035855724,0.44821276713864183,0.19562874840367006,0.9066543796257882,72,215,151,12,12,205,25,219,0.024850576187654034,0.025257345399667883,2.097914729528183,1.9750307998720427,0.20279135399379586,0.524165492183616,1.0781773335644154,1.0514516458509484,0.35768429163878807,0.11987998549776695,0.5714368915351998,0.38800236886266665,336,78,10,1,0.7127539463774982
0.10815856873180052,0.6964770344773613,0.007411932572515923,0.09565248063266413,0.09229998358565801,-1.2170703098798374,0.36107500178737684,0.4772202318869886,33,0.2678513889829986,0.02409978659058419,1.7860555541664351,0.025000489452501565,0.7648653542373124,0.3152198933101852,0.9113014456108512,62,204,121,6,5,134,112,176,0.08351937291824582,0.016310096701053024,1.2333705261662098,1.6381485051106495,0.23486824702906756,0.3266882059929134,1.5878565625515981,1.2838882486712762,0.287266006728734,0.19995873795861294,0.546469958223773,0.3877873446954067,365,90,63,1,0.6841682600567701
0.14330150487878396,0.04003825665237826,0.27113211726267705,0.3899314500330212,0.1555966711731394,-0.664817146056651,0.47415337939109775,0.4972447486398366,19,0.3929910836384772,0.026701428059969504,1.7251028458644158,0.01146150536741304,0.4679680364313245,0.2061699584806767,0.8797457892926165,62,262,182,7,21,171,61,148,0.07570011677303984,0.030807140588738395,2.8281971602981626,1.736568318189049,0.21667398072190797,0.5411060694487536,1.0162881334996434,1.2691303253486421,0.3154949346966003,0.140519730969666,0.550169642543577,0.3439685862180683,354,26,63,1,0.689456536491961
0.18278754211934786,0.3271947922833989,0.07718985271916907,0.01670491836851361,0.3961228945095705,-1.4536343690545608,0.3583786879182044,0.2877783364875248,34,0.486386966341688,0.09348277264039383,2.079019535106389,0.03925796825915846,0.40682137965638804,0.29889890245596856,0.8825864839948931,42,252,176,32,25,153,72,176,0.06114994213431154,0.031758265946295466,2.9916332390018043,1.3223147823124128,0.21091402926225414,0.3375792639956551,1.1228286009088428,1.0077800303122388,0.28494465262434837,0.18711820509808758,0.4817928442221587,0.3834151606237061,307,52,10,0,0.5378374615721101
0.33635649917594806,0.20883858047191628,0.344492801056144,0.04090859839235151,0.0694035209036401,-0.5076829046410193,0.20371571311824357,0.27024876454972513,22,0.25698176256635086,0.04015321169896139,3.4759153212538534,0.013868435265134465,0.8525139339886268,0.265886936935911,0.8539377682834827,83,169,97,22,7,127,78,316,0.023683532104510168,0.0011210870989509258,1.0586519964266112,1.2729842088093677,0.1999457912984314,0.5427047055210105,1.465028223256926,1.2817849020215328,0.34437322445630647,0.19852760926817478,0.5946853234870383,0.3267381003888198,355,97,21,0,0.7487187325526043
0.10646429488364915,0.37591927330971003,0.11412219043930268,0.053954726057801904,0.34953951530953625,-0.9904778989232615,0.26953074229579715,0.3294592914761445,15,0.24064446191748948,0.09169745690575795,2.4455462918563233,0.04140846267444784,0.5821681970614131,0.3787934711348087,0.9691506302792346,86,279,130,41,12,143,46,155,0.0622957833231941,0.0022076341288367017,1.9349967225543387,1.6200212653528423,0.27210905697852567,0.5262313421562069,1.1224481503961747,1.2596379081675058,0.3293318415488901,0.1747340682829567,0.5477793425676951,0.415645744788583,264,52,10,0,0.5912798990330909
0.42606382883195826,0.2041336272556299,0.29849600473021465,0.0076993960050518164,0.06360714317714553,-0.8120230395599853,0.4988658523144223,0.4152873635123519,28,0.4015595615413226,0.03182555181575912,2.4014320224761656,0.014827777124277346,0.7417167819639965,0.23109348110680977,0.943607202441576,84,282,151,30,39,197,111,341,0.06674177341876947,0.01493883229480737,1.2017131488901867,1.4783187826136421,0.28118724173327814,0.503173579729834,1.063481361358595,1.060699221103338,0.36508902289727346,0.2161835120984453,0.4746645165787638,0.29419932974171353,139,82,63,1,0.8142478304547589
0.3605989641448106,0.04299725588936613,0.13786612102946116,0.22831516449801403,0.2302224944383482,-1.0604419719893556,0.21313316914429722,0.4494558204568564,27,0.3120396036924848,0.05023971253083431,2.8108219028723997,0.03838244697158687,0.8197559427445467,0.16985711014316895,0.9290767920143184,62,238,153,44,35,221,105,293,0.077646979228049,0.020392357798315875,2.1420663661889283,1.1626371405559874,0.2649504050035147,0.3862790146383136,1.3370921876921444,1.0006214005176797,0.31153398082919304,0.17389772716450186,0.5798367658913357,0.370199572320514,277,47,21,1,0.7779538648825144
0.25828015894332307,0.21608397679918837,0.09683729111033638,0.10642500226625995,0.3223735708808924,-1.4429097229262628,0.5664889304522501,0.33814778563409786,21,0.3137941814041959,0.02830701299008637,3.2683507582063487,0.04408071700028605,0.7939491572923087,0.2508196852440142,0.9722948080604511,50,339,105,34,22,172,39,241,0.08493178398843465,0.026535013629444233,2.091370327912873,1.5359810140541137,0.25620569504336377,0.460277638275366,1.271510907868209,1.1532520663517116,0.2582414200219891,0.15321322856879363,0.5882022800735197,0.31573503369463274,233,65,10,0,0.5944830834736425
0.157949685714823,0.2503984985433059,0.31613305736953196,0.10565736207011413,0.1698613963022248,-0.498604267857344,0.3651730687830056,0.45437207980964844,33,0.44876508670939047,0.021597823846600094,1.9392133218188403,0.04103419652725107,0.4927833666842925,0.1913640043463096,0.9715235030373471,77,175,157,51,15,198,78,285,0.020059201492904594,0.02522893743486068,2.644279322734981,1.394069295986978,0.18877265215410974,0.35037004287543744,1.0465523584427252,1.1244941902455396,0.387072047521436,0.10704318965589536,0.5370933690728237,0.3441332488023751,344,63,10,1,0.7330282650563366
0.18705928212079742,0.09830197904829907,0.36107809981398614,0.15710849223400972,0.19645214678290757,-0.43946776886011624,0.4823342755597832,0.29075649292928496,29,0.36865064670175396,0.04722217960829796,1.974873078665536,0.0030529478023012336,0.4463592123136891,0.15115715652240566,0.8947370704958221,123,180,189,33,27,146,41,141,0.05026648813512501,0.0033259264946325874,1.936792116935119,1.5082892753020403,0.2891534896479217,0.41964229512894674,1.4132019700151108,1.203899028197146,0.27149284418221226,0.1680615527202862,0.5453149662522826,0.3060261222314514,219,91,10,0,0.6875930609771518
0.033278549781105414,0.3094646281405691,0.11120039635564556,0.039564243378768835,0.5064921823439111,-0.7737066732960745,0.3618147922350695,0.45948937986499616,40,0.42431658386220306,0.053244487459179625,2.935711785583238,0.03320258838387945,0.4033125379337241,0.30072576626797937,0.9691534193074718,41,307,139,42,14,251,115,327,0.05288381092697199,0.022486294664197454,2.5336403406353103,1.632339854831441,0.18850997116668003,0.3338362210964698,1.163588366919451,1.2454799759653894,0.2798880739911996,0.13828114611255385,0.6163929455573233,0.3006291524224128,348,50,10,0,0.5965425583136964
0.012927753464286708,0.4576420833116066,0.14477430791111176,0.29795910450012786,0.08669675081286693,-1.4275973628909102,0.5379366360812915,0.28362411435481827,33,0.42995359804173394,0.04786930043604719,2.5136154555200863,0.014858559988061851,0.6361027674338549,0.16106067683503658,0.9093349373779533,51,314,64,20,5,148,74,288,0.08990319068430679,0.03212636566195905,2.0488388734405367,1.64433827297357,0.2605688681932926,0.48781213396281314,1.5951005685380033,1.1031028990102205,0.32034300682801015,0.19347723608228165,0.5010441399621828,0.29535204521147007,332,98,63,1,0.7292289778256369
0.3236417777388078,0.3912358792246838,0.037859946621383034,0.170452566181768,0.07680983023335738,-1.2018066637188798,0.593450272533092,0.47174311527163226,5,0.44867483265930497,0.054886206628423174,3.4717401674563204,0.025671907500491125,0.888027050074559,0.3024851873300229,0.8560856318823479,82,332,175,44,41,234,73,283,0.022633069384803438,0.03469926347110013,1.8439736622318506,1.196581016344945,0.2050176478076075,0.3663593929795803,1.4893905320743648,1.0218057365726139,0.4052827721926847,0.10202454892706744,0.5973495112833528,0.31689231123993594,171,75,10,0,0.5797388965103473
0.58284327352302,0.0366992002122164,0.2318481424663802,0.09717088827205693,0.05143849552632666,-1.2621873535516854,0.31599324813863167,0.4836265930899251,33,0.1275577149382892,0.0926974211010021,3.27244112074832,0.030832475482192527,0.5831777019987853,0.3831793045576144,0.9037073074928361,34,201,64,10,21,226,77,332,0.08217196667509417,0.0027092853968486265,2.7082906717750115,1.5222990030030856,0.2678620439780351,0.41515956435354956,1.1776910788666943,1.1007101015934027,0.2894107306295635,0.15442685214876717,0.5735923168887631,0.4129510095768048,264,117,10,0,0.6797523974466783
0.14423889112627866,0.37537145983165965,0.022131772473620377,0.34908603667254196,0.1091718398958993,-1.0070227810606873,0.5226053600339835,0.45934092915075087,21,0.36347730850839766,0.029361031070211877,2.352454306522711,0.011911993912968622,0.4150772737000375,0.1538437363057995,0.9565143104510493,113,229,157,22,36,158,35,172,0.059995805334204615,0.016669324170949646,2.8731793602881996,1.618458281235946,0.29735832693688263,0.517544050384796,1.2944606615113188,1.004919232099148,0.2783279589213403,0.11432042004343877,0.600137781306071,0.3020410605310947,202,89,21,0,0.6614783618246343
0.7866745306203755,0.06885466305455104,0.022531738862398395,0.026533351559130745,0.09540571590354431,-0.4620131020190357,0.4211338024187121,0.32178085066902545,7,0.1493352043752298,0.04672058081796393,2.7280219503586327,0.0205568988485915,0.7873323529004058,0.3981470304752119,0.9241300468898618,36,262,107,4,35,221,30,287,0.08171660221493571,0.031043290500472463,1.1973372006014598,1.5810593010114218,0.2762639293819056,0.4146642340731294,1.5064284948968287,1.049801640460179,0.3351728643580141,0.166983383122078,0.6097683113184983,0.34592349268935824,318,67,10,1,0.5575937554382921
0.049453720267497926,0.25091732671814937,0.41644231672046045,0.27596008782543385,0.00722654846845837,-0.8815886612826197,0.4713272127017832,0.41888869692097713,30,0.5343113122962021,0.05705453777412549,2.6435344457899568,0.0008732843266026507,0.4151126725580065,0.13707265192443743,0.8774552485299196,69,268,188,10,35,187,98,334,0.025084054835691438,0.009715986828600696,1.9934102578958552,1.0461541720044893,0.1971909335000028,0.4522445397259675,1.2397047283804075,1.271113744478296,0.3426791055622935,0.19085011889630243,0.5257154641195215,0.3403322220966569,371,111,63,1,0.707651246016235
0.39842797823297715,0.10667961991643701,0.1347005438592492,0.26271729985198317,0.09747455813935334,-1.4164187988004273,0.35616681231425074,0.42162466980031,28,0.4438183975073971,0.05642354607313007,2.0698258389137614,0.024042548782824632,0.6627093211679558,0.10247888820820293,0.926902707817485,59,355,84,33,41,229,77,375,0.022977333084541265,0.008581495420562763,1.636604683162199,1.5734805445668485,0.25962453732462926,0.4836658234762332,1.2646656704388974,1.189059421398726,0.33964057949837073,0.13557765896855037,0.5016069040797599,0.3438821758684745,177,112,63,1,0.7674807118343308
0.11150964100069277,0.002690469702192285,0.13108256480468874,0.45530355577171905,0.2994137687207072,-0.6560819809951098,0.4733976826620187,0.3135220244745207,9,0.5447731860892608,0.06807751941270032,3.3202497777792126,0.042140325309841374,0.4432035133903613,0.38943264777959474,0.8605571285045535,80,295,107,13,20,114,36,270,0.034878866613578155,0.03145601812766354,1.9231888107161943,1.2697695513278269,0.18141438456192543,0.47916159135096986,1.38189652305851,1.2415589008406125,0.3089764167366702,0.2097888404929927,0.4644826677523666,0.42701093694620457,241,102,63,0,0.45149002645752917
0.47815829292914536,0.03055116130422425,0.10205926438463216,0.10006330529286642,0.2891679760891317,-0.5792731582266912,0.2471754946027959,0.33113239960083574,34,0.3253175275067718,0.03224664482023941,1.6737141984678066,0.005535074825827949,0.36347861893494615,0.17490585097358485,0.9509566634272297,115,323,120,1,8,159,58,309,0.05137367980646578,0.025650423286198466,2.3611868773762077,1.7477760443309738,0.244304173237224,0.3268877740222118,1.4617839810950628,1.2349383919196033,0.3712937711484426,0.1525069757421399,0.628509628474217,0.2954128195206276,248,125,63,1,0.751368250157454
0.42644788788432275,0.003970124467647547,0.5050534502785817,0.0076586447863924495,0.05686989258305563,-0.9317214978383738,0.42915989511089886,0.2944835499724131,26,0.243594321791361,0.09321152849825896,2.142643295950556,0.020034704811587086,0.3669074987565215,0.24912867174101308,0.9411203136922803,103,319,179,12,19,156,86,291,0.08810656097969315,0.03079223015677815,1.4384992314278011,1.0655153079168638,0.21937522931166803,0.44174930916039806,1.1632143150112373,1.2369668312534887,0.2861768197654267,0.11486635672589281,0.5744636573842585,0.40162216970730297,255,42,10,0,0.7786702901070176
0.048431972235243384,0.05585005856815086,0.19423568939749417,0.05048868513285154,0.65099359466626,-0.8101484469826522,0.41206835204984293,0.2606165553288632,10,0.3414638812844929,0.05924766977397988,1.5309605215957962,0.00048436947139116505,0.7640132522194415,0.16356855857134786,0.9432005671470034,24,321,88,7,15,214,116,295,0.04857944052395192,0.01994542354284019,2.423770795750751,1.3207509362029672,0.2579170235531011,0.3711141710296527,1.408804352925048,1.0063666093160886,0.273626632973727,0.10732172456199746,0.47938363337572126,0.39971455702998093,176,39,21,0,0.4915615058836647
0.19232480804082772,0.061287609344816425,0.1673677395455345,0.2362003599325204,0.3428194831363009,-1.4150696029688004,0.3847070558860014,0.38564976355144454,33,0.4158723955156567,0.06566515987629919,2.1035115350255014,0.0073094141017018,0.5040008583216046,0.21409549022232352,0.8741255116180424,106,218,116,46,42,164,52,157,0.06658790900615301,0.014198095272875997,2.0302250415040537,1.3927235715706003,0.19377115792274396,0.48952456750801,1.3412864431867542,1.2966937029803494,0.24085216782796412,0.16927511041466986,0.5408921461972419,0.34956405685692654,338,97,10,0,0.6761247646551677
0.5369421692250187,0.1494989699413433,0.2032942982162943,0.0349249705501468,0.07533959206719686,-1.246606308533997,0.35813822628602787,0.3829710115648764,38,0.38632016650455003,0.08541477493082711,2.165705014919938,0.0030033524254928527,0.38797067953454795,0.31704282557830804,0.9191893899729026,30,250,80,38,11,131,109,140,0.0686938643191628,0.005616362391180733,2.98093706047215,1.2539366602685384,0.22247986774451778,0.3738082857369017,1.5655854517165901,1.1894767660043601,0.3395903838615217,0.14970563353623095,0.5962560351015735,0.35497095369032944,297,80,21,1,0.6509496784953546
0.27176410536497064,0.016264428626849268,0.4558697515459942,0.03684261949146656,0.21925909497071938,-1.3203169784386706,0.28715485912807137,0.28492452272273416,10,0.4213642301269096,0.04902020039671554,3.46466062777436,0.01535937915600233,0.49783912599350755,0.28684633560136896,0.964175969595094,100,270,144,6,18,126,87,306,0.07360402486670091,0.039595478198283116,2.1464529736121025,1.7820449356656158,0.2609797150777434,0.4464515966543838,1.4849485889260952,1.0611376413027007,0.26756368236430744,0.13716659849832252,0.5331458055855993,0.43191930694711433,241,108,21,1,0.7614872986044023
0.3363352783104763,0.032487079075171496,0.2897646968891884,0.3187871454114903,0.022625800313673686,-1.084494573517298,0.3231836168846457,0.2982517963330987,23,0.2879792702764303,0.08952255319920781,2.6930101246583575,0.002690893987801239,0.5601218255016372,0.3230146325503585,0.8914631646372552,120,306,100,35,8,124,71,337,0.021310100592010144,0.03547011192259347,2.1994209716160142,1.2803289621437428,0.28780190647978343,0.5333272426171194,1.5838869630822037,1.1388046126726616,0.31460098158723143,0.17975259875155103,0.6288721973195434,0.3359965063522976,364,73,10,1,0.7549286020547918
0.013123426961693264,0.29941273792697665,0.25649020715061527,0.3527955868203271,0.0781780411403878,-0.6101829681789732,0.4821682424445182,0.3333953465437691,19,0.24671822306631438,0.04664960072626093,2.5643432048016,0.036484755868657424,0.3047812147806457,0.2618460166336598,0.9597015261537628,98,278,71,20,15,172,40,256,0.06389257494785736,0.0030042579991487717,2.584897123557615,1.5516571729925999,0.21325393522599917,0.5305751554735098,1.2391228834267733,1.2324550854587024,0.29355674913632296,0.16578329380874912,0.49607563648871844,0.3237785564025583,130,55,63,0,0.716697733260767
0.131046553997191,0.0476595662510652,0.45916039328022723,0.22310254505826738,0.13903094141324915,-1.0183641408494197,0.4270837851361058,0.40399393497165353,22,0.4395058775071783,0.08934688375378697,3.4267002263547015,0.025210958506223315,0.8791325059337889,0.3784258389694634,0.9351843416767521,65,317,80,22,29,124,77,373,0.03895710854623399,0.03972084434147829,1.6926997108087247,1.9996071920142606,0.21316840651209382,0.4298647906039919,1.4088794827189544,1.0779230748439659,0.3131798755602593,0.17940935210462772,0.6030132135439257,0.42669116274095864,303,95,21,0,0.7607501952442077
0.11312348850797724,0.05963786205906988,0.16162197930460775,0.04648560450844317,0.6191310656199019,-0.5989534655589789,0.4250513984305982,0.48091809378512884,39,0.4207602035442181,0.0493575824739576,3.1134044111896992,0.023351073825717224,0.7099060941211814,0.3958676143251103,0.9405246406013769,79,328,68,43,13,130,53,135,0.025308397671941204,0.018589672478504637,2.9314319673195905,1.4460620624054485,0.2908522029778593,0.3874323669104088,1.0852194135101982,1.1219474224168309,0.39196564875205603,0.2160885536190157,0.5623027709402464,0.34082345149711046,365,104,21,0,0.4655396054212654
0.02570439247165824,0.456356760449517,0.03424790651202335,0.28935160017099776,0.1943393403958036,-1.3868154619292292,0.5127612735982797,0.2558745362661454,6,0.24587301662234753,0.0999482098595308,1.6060212484958871,0.020535573070309343,0.5654457657433858,0.11194643529938773,0.9771243816817624,34,311,93,12,39,169,78,283,0.0720434815945454,0.026987713109203695,2.618231308332814,1.881238857322385,0.19699041030512449,0.34050512997834426,1.272152346303144,1.0322919037354064,0.34636112604694413,0.21299416099076549,0.5578330235221185,0.3068952548701798,306,37,10,1,0.500697013586319
0.40034868088988956,0.10373055550493925,0.1193298130937226,0.09240572601508223,0.2841852244963663,-0.9050378768466277,0.47323843902401347,0.2506200446051596,24,0.3309409339594606,0.02693868905118828,1.9251142502528171,0.013554779447361814,0.6440884651072047,0.07679207788555431,0.9425823090161067,124,240,133,11,42,246,122,293,0.04351161530359289,0.004915172192858304,1.979759602011374,1.77162139297464,0.24145007792495707,0.39123529615373126,1.067721910994217,1.067140554939622,0.38224169903652966,0.11914404606479816,0.6463816623802715,0.39669892152953057,130,63,63,0,0.7824803435781762
0.15260910748768053,0.6619083847745278,0.04375136726957333,0.12708731114461988,0.014643829323598614,-0.7037903346992715,0.5803576959377575,0.38918920072333313,23,0.5344349081832597,0.0669647344124032,3.420159623553534,0.016789106329152828,0.38735422796668384,0.07447060100913842,0.8847168158859381,52,317,118,46,34,231,70,146,0.08303354032790294,0.02307693981828324,2.205490706363989,1.8200892595093165,0.2605033953497429,0.3755646146647659,1.571666692143587,1.048406799387997,0.2688467068741392,0.17786772003146226,0.5706977633463872,0.3166738508510492,194,25,63,0,0.704402405435668
0.4132003722285046,0.14366226722256153,0.26330770529365133,0.13777382092334625,0.04205583433193628,-0.770515002811623,0.29328546315333154,0.46461667468629386,8,0.38276778521529586,0.06766127389908601,3.406348384697316,0.025161873154833283,0.49548328902010563,0.19781495391069714,0.9222376023584198,29,349,167,44,18,160,61,249,0.02349657046056829,0.025559268173470946,2.605208222584407,1.1976855005973608,0.25628295720028543,0.352230276699602,1.5034023200817261,1.219139824788726,0.408204084292122,0.13407631421296867,0.4923589771615121,0.37132088824425724,331,27,21,1,0.743927165690836
0.1380567504883838,0.06003063722534715,0.03518323684379892,0.6856000715706511,0.08112930387181905,-1.036229940110868,0.27262562629139275,0.4451455700019728,34,0.20443846666901103,0.08174136124760793,2.531586933563321,0.005181801314583711,0.8940128695168547,0.17988072319310025,0.9045344167801221,26,367,157,40,23,251,108,335,0.037199450931968456,0.021431808543075324,2.6774400540803915,1.2803288158577635,0.2562832325443974,0.4533170441796538,1.415759540184687,1.1080095862830717,0.28079567682422,0.1797354423600508,0.6210797539957089,0.35543163270807276,261,89,10,1,0.7257269857872413
0.7840495131905209,0.022635261166397448,0.06184263514977255,0.06153379443234517,0.06993879606096408,-0.5211064884697342,0.29908640703003486,0.251524425063064,33,0.25728588370538064,0.07790864277288938,2.9396713375277352,0.0381513319752005,0.42632979250675285,0.2578649880937609,0.8594724211227233,101,201,156,2,9,196,91,352,0.06207774863070397,0.02410993729758658,2.8074580841492125,1.3296660776015568,0.24681392070442518,0.506196830318007,1.1165523401327015,1.2109574402223506,0.2538743244150529,0.14435765454245966,0.4951351927457794,0.3491924256987701,205,42,10,0,0.816496287110646
0.18812683733354585,0.079532781283911,0.2116339583480586,0.0068327088327687045,0.5138737142017158,-1.451205138302352,0.3942742021671156,0.255058466726482,21,0.3296915045683573,0.0581743124079977,1.6419849612104411,0.03540219132610983,0.4597688217711955,0.21459133363461252,0.9438589081744526,117,330,164,32,19,111,27,201,0.03786072583574059,0.00168175834171032,2.239834382746631,1.8734692278296976,0.1905438073504953,0.3305304511472971,1.4062693414975749,1.1717774086531572,0.28661717080375804,0.1318006252952112,0.6057907590521298,0.28335878601130693,375,91,10,0,0.6036021024851951
0.43115599101326213,0.053911124468146686,0.018436286410570987,0.4672339150794,0.029262683028620236,-1.3598887887538265,0.49120565665778787,0.40581174647011875,18,0.2781896517715143,0.06625858141804908,2.5055183626064226,0.035708386776369144,0.8709002271544733,0.16932336250975946,0.8617381087167842,39,233,98,31,28,139,113,165,0.03483956952643269,0.033943526546690576,2.427914288795315,1.1255856841224703,0.21593919894012756,0.3823020256335595,1.0674647128808796,1.2517023905787958,0.2920415378537973,0.16778604925234086,0.53264750345473,0.29121878137485613,144,24,21,1,0.6938505262078528
0.3475190470072396,0.06686312843040058,0.04558301214567902,0.10539259092464816,0.43464222149203274,-1.2625599278866508,0.4306122363823451,0.4599012252390794,37,0.5203647326626061,0.060620838689328015,3.4552905288215836,0.04354948296019349,0.338325521760776,0.2886251867057181,0.8816282484962645,39,309,142,2,38,195,69,146,0.06674765796364288,0.007510731123860306,1.8514060157226948,1.2911199063155068,0.2379455651704177,0.4953882496564985,1.0870047349254124,1.1659353503141845,0.33074323995037447,0.1461964027189505,0.6199214122163246,0.33604369241015336,291,29,63,0,0.7062295436560702
0.1691383278409803,0.05069476012170778,0.23558055710782316,0.20227797328703984,0.3423083816424488,-1.09038265445046,0.2508757647510498,0.47126197117342206,7,0.5038844436190711,0.09139246972690551,2.711191107021383,0.011900348524284048,0.573565872297186,0.2826943467018766,0.9053017494704418,120,163,98,27,39,113,64,185,0.07719223217977765,0.024551118812976776,2.5940018261681947,1.679173705625851,0.25892329748999193,0.3768653959278686,1.424919929783345,1.0378784304544177,0.24327477519197466,0.14069163982986058,0.48976923256124094,0.3911982546714298,279,51,10,0,0.329484461507173
0.19573215735293298,0.25842782816510773,0.14123576891354458,0.26011020144516855,0.1444940441232461,-0.477656260383696,0.46919989074224644,0.4461916198801599,14,0.17017673671432937,0.04559470722464891,2.733469034671926,0.014465706914506165,0.8237134641600095,0.06899691621444111,0.8666400210645532,105,368,104,22,18,249,109,330,0.07790259263907551,0.03889929303464839,1.0991524245245077,1.9518790222565148,0.259236065969877,0.35034389352146644,1.4987797262155809,1.0357561867788256,0.30913413654371835,0.12863176596403092,0.5330271734887666,0.3033132257002753,129,59,21,0,0.6669444187960529
0.03790317276983172,0.24189832926747737,0.07293376361441974,0.5715361816788661,0.07572855266940502,-0.6915637207092344,0.5184567293031681,0.4773155000899202,25,0.28891574718415447,0.0938520936020521,2.613592099771753,0.021088523393118168,0.6049461628924895,0.19430568807998333,0.9397057153777777,22,271,164,46,12,171,69,139,0.030968315845108004,0.01650966802697893,1.943203057440972,1.8134592555695122,0.2508679890236746,0.35897283750667236,1.181405291142232,1.1608602778136117,0.38281358506690866,0.18506177574834484,0.5816663371798112,0.3208855886966457,136,81,63,0,0.6612617196273478
0.009817018146859426,0.05465633226692247,0.5169202669647558,0.18001615932843243,0.23859022329302979,-1.222138200150512,0.21121491639447162,0.3575748876558303,29,0.34173803182920093,0.04996182870750606,1.5959827447878543,0.003080758597816572,0.5151620466160559,0.2561906552350036,0.8728173871918016,57,348,85,27,13,230,99,367,0.05410785012708409,0.0021801528717061112,2.880764593779605,1.8687807374996885,0.21617020579723367,0.32201208311725665,1.2951261321731127,1.0504602225418656,0.3084068502288897,0.1479990129527504,0.5191913150912116,0.4261348114644695,319,38,21,1,0.8168363481206765
0.30673566382750345,0.18815998143779628,0.14955944704043755,0.3182861556876373,0.03725875200662542,-0.7568886732495369,0.32495291488927475,0.31378664975733706,9,0.5331288779333746,0.08586840855840558,2.9063164590330937,0.02953043126741445,0.8602725187000972,0.06999860316497758,0.9072701803971102,122,292,110,6,7,252,79,299,0.07313929585372235,0.03864366889226667,2.1562846727410667,1.913012390748643,0.22475528876448697,0.5319641197748693,1.3043784756105885,1.2325951262766512,0.28889210540915505,0.1571566762956836,0.565702184735142,0.36248308366480225,304,118,10,0,0.5540197890279294
0.6905172178784719,0.06831667490691117,0.12845940972131228,0.08373122549448223,0.028975471998822434,-0.8558216282026531,0.2407374732791639,0.4183552980656752,22,0.5167203180988734,0.024438694815155815,1.992753625633908,0.019841614030384574,0.30869325904598244,0.2858205369116209,0.9091093338587188,113,293,117,12,10,177,28,361,0.061887758913975736,0.013853963065320746,2.7603459847817087,1.1167609824751406,0.22773801668487106,0.336856788532271,1.4761410780267192,1.2648580153363258,0.29125216952142907,0.19819609194487184,0.6408114877762547,0.31685564241702524,349,72,63,1,0.7264532285034322
0.24472747666507222,0.25010849137425617,0.4693513208770381,0.03571965511456515,9.305596906834016e-05,-0.9480998818995824,0.3997405107646674,0.40850512412393897,17,0.4490995998882267,0.09040785491644997,3.103776293021938,0.039226293612368596,0.5252492990469693,0.08702319155559643,0.9345622692534101,74,160,103,50,31,173,76,190,0.022172555499505798,0.03372077147776136,2.6677275962680835,1.1339736657631037,0.27264734966907495,0.340077337418324,1.4175029925101734,1.1598699020718433,0.35538976198947264,0.11646377376931,0.6106253482864484,0.4059116571823998,350,110,63,0,0.7729649630933566
0.1833730201966285,0.1354466595827158,0.25368922401138494,0.2782033145611896,0.14928778164808126,-0.8302499526727319,0.4584853679299101,0.397866752331842,16,0.2530587898879242,0.03879245912245624,2.077581635662494,0.03563065918801245,0.8811154651653672,0.1612736738695104,0.9350607754841028,97,355,137,24,38,108,22,233,0.08088478115335306,0.038598708447558264,1.8327641987820062,1.4815802449990754,0.2807597511415964,0.5349744017287517,1.1416152310357985,1.2663873321416335,0.2615970011488227,0.1061694185751269,0.4662276427729591,0.29202309138759197,283,25,10,1,0.630364203246185
0.12188869526753406,0.20590900628098174,0.5961306664378828,0.04751523366528836,0.028556398348313083,-0.7372664102586527,0.440208392434043,0.3614734510078625,13,0.30300562428353717,0.07966989013989109,2.4826644620612397,0.032385862670123854,0.3068568462063443,0.08512468098340462,0.8741409073123331,123,285,93,30,15,232,113,350,0.0765588978967678,0.013248300129184822,1.1179212755920462,1.8850735918753214,0.2916764627481452,0.3256289505193488,1.0022921346414573,1.053336467427317,0.304940328636829,0.18470277207777017,0.5466751553740109,0.385776288765153,331,107,10,0,0.7104884672306484
0.028171181296327175,0.6168110410654679,0.2724116392600488,0.05558073737715534,0.027025401001000798,-0.8979008308351099,0.48986592744771496,0.46758906879580947,38,0.39148938725206045,0.06626606677051027,1.978036552860732,0.03438514915895425,0.41890632955218415,0.14012455508565375,0.8941374312062891,87,215,130,33,36,124,58,139,0.050461163675553776,0.017854650918232514,2.9329530649144395,1.6478001356546332,0.18212221308900628,0.5187706607081616,1.300683176348541,1.289071384104783,0.2624194489949653,0.21515521399849416,0.5845113444342952,0.37943086762157624,278,107,21,0,0.5943590486047607
0.06525114658709934,0.5419983254455221,0.0622195920028428,0.23039076099948438,0.10014017496505132,-1.3023276753132271,0.2934154906681845,0.4154056928847405,39,0.4516130573446307,0.09252342892603274,1.8164974302426704,0.01390356264928055,0.4109061437017654,0.2691430581560329,0.8892375869081482,120,223,77,3,25,218,82,361,0.02954727396041932,0.019605591954716055,2.5701660451468746,1.869122811353256,0.22217069229656528,0.33374825276916464,1.4597193159491482,1.212870721306077,0.3112821473924513,0.2179449154493932,0.596108638830076,0.37124293491382226,292,83,21,0,0.6272374067289903
0.4964285806126578,0.08185819117328891,0.23139535499197433,0.02514097181058162,0.16517690141149735,-0.8503277983233756,0.24846056956102025,0.33757741972607885,5,0.41295495723152237,0.062229736031976624,1.5526213828398205,0.012974830280173611,0.5302678323401019,0.17709556126391846,0.9522804135677362,56,291,169,8,41,143,120,139,0.05909917199640836,0.024122951827262804,2.0144911878892366,1.0381013573405016,0.1932642813359805,0.5031383518950073,1.4517345973393119,1.0932015894458336,0.27558288484184745,0.16823474669237504,0.6211197841747161,0.2888161111662538,249,58,21,1,0.640088560155052
0.14283445681609638,0.23211285341614266,0.2400001381959994,0.3265837626833538,0.058468788888407716,-0.9552001617712753,0.46732280608244176,0.45750086661004175,13,0.3579374463981393,0.030385465653588923,3.1170422773405067,0.04224434317700349,0.31809005336052637,0.37028618197037055,0.9307930539907439,72,286,125,20,38,124,96,277,0.08195880821596643,0.0009673660210151747,2.1099092916952324,1.637548956573115,0.29030205400143216,0.323458824273887,1.221810001437405,1.0380719134862115,0.2959563498726963,0.20887868393451403,0.49422465950684374,0.33745883019099243,186,108,21,1,0.6734032137175291
0.5118952164920575,0.017644997448640384,0.06693931628144684,0.12103035290598357,0.28249011687187153,-0.7522407952585073,0.24696955062642134,0.40695490959293806,17,0.5339241318666966,0.0644617097063347,1.7793876616391142,0.03747533218251157,0.5963385626415663,0.31951433976421717,0.9204953346012302,44,247,176,23,15,150,123,314,0.046392857644485676,0.006292879611618059,2.9749429096382487,1.0195366288602907,0.2146030944517794,0.40930969116544463,1.0452244624616454,1.275457435188259,0.37874594271455964,0.1645761619478855,0.537196570649367,0.3110756967307221,130,91,10,0,0.7794850117027171
0.2514900286846589,0.3046126323126954,0.1112689852537619,0.2603910806436521,0.07223727310523187,-1.3247201781356581,0.2126692972515962,0.2561498009394225,19,0.5345628416306057,0.03963869530264435,1.6319951433826463,0.02965801471312474,0.46537233248138654,0.38031779382184144,0.9362917538407828,97,353,167,34,17,212,45,242,0.04972838687976565,0.031254768944544986,1.3650412240731584,1.0658133997323422,0.28933521314292315,0.4081819065245852,1.3354267152042714,1.1184338300436771,0.3739624951227745,0.19322113433828764,0.4948563513438598,0.40358140983288787,326,54,63,1,0.8710471918213117
0.31188941515077484,0.3831610159064269,0.06674833112801652,0.14206803808314117,0.09613319973164035,-0.8674715350247478,0.5263286277687067,0.47178464660703795,27,0.31407993728652955,0.09210880322233765,3.021495573402394,0.038106118812574245,0.6613870315485435,0.1827720031627344,0.9522825990333699,45,213,107,23,27,212,43,186,0.051406611226901766,0.0045534735337831615,1.2033287322443051,1.8855838313830708,0.29830726599614193,0.3572136713491994,1.2196413785067968,1.2022317034639693,0.2657571062413555,0.10800825231286572,0.6321662495274093,0.32513498061830354,227,23,63,0,0.7128772399611295
0.20375971069063864,0.1182320045693903,0.1588373161207208,0.06696738293515882,0.45220358568409164,-1.0161663364604008,0.539460987605291,0.32234133971877466,23,0.20283895251030112,0.08887136111578667,2.571782983893843,0.010311146389235167,0.7666646126695621,0.15033913757725872,0.9434957169533915,93,300,137,15,30,198,75,249,0.02207212425662968,0.039122626407245384,1.5216854753432385,1.3840607606506805,0.2856546752706654,0.47872824324768315,1.101974826412539,1.1924471381618456,0.24390593265283023,0.18984985841630844,0.5748904775506686,0.3860010475220695,190,81,10,0,0.5647905969386001
0.5027799098835366,0.03205928803630962,0.23763896100195608,0.034272633313306336,0.19324920776489127,-1.3282336407751152,0.4045833783541679,0.405277350127645,33,0.5268425344672338,0.04964676511113333,1.5278951355557318,0.03268506718143799,0.36713779333606267,0.0551169302711812,0.8875928715636963,44,229,123,0,14,214,56,322,0.044981854482405756,0.03184183394973626,1.6221086730329308,1.581725843191074,0.20522054494370873,0.34866426850030907,1.190789358477366,1.0099650126949022,0.3252423562985407,0.1846245102881703,0.5401090114565508,0.31609700275803915,159,94,10,1,0.7524102363894595
0.0842050248630193,0.06574931346243519,0.41606850579675503,0.03490113063695781,0.39907602524083263,-1.3098551649965757,0.20982450903186473,0.3567121311926935,34,0.3523281979932931,0.06555483364432249,2.1470339966006247,0.03511598075534739,0.8069334492569102,0.22066363118074958,0.9565842256625443,113,334,183,9,33,121,70,159,0.02602634138667214,0.03107817895988359,1.76357044747612,1.1415175911343975,0.2458866738523968,0.38816302434292904,1.0285589887503372,1.1243999466638808,0.3887128215995682,0.18458683832125525,0.6472662399350614,0.3559181073926554,287,123,63,0,0.6419706316672525
0.07160614332935107,0.333097749747034,0.06929994896035792,0.09260138551258892,0.433394772450668,-0.4922654047606838,0.34255449528890275,0.35397253397133754,40,0.4161518118717276,0.05938726639171013,1.9597377275195618,0.0404309636279028,0.30858151553759255,0.3422050010280722,0.9623395690606553,53,228,75,21,5,232,89,347,0.0320776066689869,0.01731066204447429,1.1924070382491379,1.413673370658668,0.2430194446510122,0.5257655067571193,1.2250044702522656,1.0475654478068275,0.4112447397528453,0.17645698385091532,0.48561150855586827,0.2896038214693239,273,45,21,0,0.608150503833828
0.28349063804183616,0.08696098515909519,0.1550576617048951,0.2125075697434263,0.2619831453507472,-1.4010574089940777,0.5165873640036033,0.3493798105293306,13,0.49350652287855795,0.024099216304934456,1.7920862192855156,0.005848526387433659,0.7895340066246207,0.38381084012103817,0.9469897677413553,49,220,138,2,27,247,76,169,0.07673447244954111,0.018863634796520052,1.6775032222890236,1.4101651078178206,0.18926999288707885,0.34683990743719384,1.5202542837123827,1.1358633506226314,0.36097275830311903,0.13990794664153736,0.5516425891823641,0.407127940985067,336,89,10,0,0.5702760716054761
0.3780170382540517,0.1874041279332699,0.2603914554135552,0.11904398430790561,0.05514339409121749,-1.4413901005137844,0.5061904605571864,0.3642721425455758,20,0.24970387584180306,0.051571212283683845,2.4037291594492443,0.03729961771280217,0.35466503886011136,0.11286069386329621,0.8720536928199077,79,266,122,15,23,170,93,290,0.0841945574673433,0.009607466873342574,1.8156159885772543,1.530681935264351,0.27491705712015735,0.43771464258717024,1.0957398779938137,1.01502447390178,0.30120001221739323,0.172812030869584,0.4941897953306152,0.3527531314429066,376,125,21,1,0.7418080335949243
0.14019216662535378,0.0728185767365093,0.08139434933093476,0.20018628179730918,0.5054086255098931,-1.0515886985313674,0.42131867990576904,0.25598964611248104,39,0.19267468511197744,0.042946170679587996,1.9899808427846333,0.019509264762484754,0.8334857039188504,0.12334048865121072,0.8561809675113391,49,278,186,19,10,107,115,318,0.08564470809194812,0.02981290934956049,2.59927438052229,1.7583467440168934,0.2974437392918407,0.352107868239098,1.5262424827600543,1.2104664576719517,0.4109224093805072,0.20165140004488494,0.5649192945694546,0.38528593627302915,327,47,21,0,0.5474835312790564
0.02548531694929658,0.1304156312451248,0.2815015642682635,0.052658394256625884,0.5099390932806893,-1.2847536555688583,0.45874762074733894,0.30853466526426776,37,0.45812683533907567,0.0902670581242625,3.0242772541825547,0.006394554209763568,0.7112078289115267,0.1529704064371418,0.9157990724285756,88,264,81,45,21,194,90,242,0.0612239711994883,0.03540713614133176,2.0534033846917787,1.326638944558879,0.20477113577741124,0.42668418442942163,1.2367253036907053,1.2081368654015052,0.37330092994353864,0.18372634348421124,0.6040473664983305,0.40640979843298936,154,124,63,1,0.7210094117169698
0.26642112384760386,0.1790085513987395,0.018352544815585035,0.5217294800724017,0.014488299865669694,-0.7458118226222948,0.4150301682821819,0.26783454360126346,14,0.3011478541759899,0.06373476382175688,1.9983571042027757,0.04189180944664909,0.8704888725819562,0.08636668536961922,0.9432829635396373,50,247,135,44,17,243,32,252,0.0643935434797243,0.014686167861240449,2.331419554663864,1.990826161722539,0.2198894687130316,0.32681325561979047,1.5826349091698657,1.008157371647453,0.3637832574033789,0.1695900624446924,0.5367547993355432,0.4287372599927227,358,33,10,0,0.7168972570479815
0.24203304647661822,0.0054291109787689175,0.27222547790245283,0.06619365519622719,0.41411870944593276,-0.689895046639184,0.5810464974758869,0.3110620068316703,23,0.4390987758850172,0.09277321947407917,1.5292314900530153,0.027629921313675653,0.6562214356431391,0.24429310719945196,0.9314997072057443,22,347,98,13,38,252,44,318,0.08661492439206828,0.03325638751189544,1.7735728479495274,1.9472178335912533,0.20576662981416344,0.43305409272454476,1.3029090787074207,1.041992028854572,0.41753033945525153,0.12170518437341972,0.5511141617396105,0.2937541918023424,365,44,10,1,0.5380171111523333
0.5037921877097903,0.05045116056734825,0.10512648791049131,0.02538015162675924,0.31525001218561094,-0.5211549805450514,0.2056194301779758,0.32495952524247973,34,0.23040312839011373,0.027052151208867076,3.330406593278873,0.031007021995184163,0.6691082865994389,0.2643120356340221,0.9374417902959831,99,215,74,10,10,111,38,165,0.033896810643488165,0.03187964082002014,1.6443346103803327,1.3867041253689711,0.2687366863905626,0.5427566505942475,1.062213770511781,1.1760660143186086,0.31517954902484707,0.12177158652946568,0.5245470730315113,0.4052544906364001,131,49,63,1,0.7145471756696252
0.08221789539121344,0.003575646752658816,0.11174261429805078,0.5238314941344037,0.2786323494236734,-1.0215236727126042,0.3717026355150756,0.41829472449925453,9,0.33453693022760617,0.04383931198468462,2.449616576217233,0.025736915368073127,0.6777434822016745,0.3789706229319473,0.9251781372615901,125,322,168,2,22,240,69,227,0.039918182181547315,0.012096148864558884,2.0937945960470534,1.1114815538761786,0.19979094450981344,0.4388084877882455,1.38429975284525,1.2939157799143588,0.2603161863355646,0.10507127933515738,0.5907703348740972,0.42334675712686437,355,106,10,1,0.6082170864332466
0.6197318027790502,0.1862536098634043,0.04631994146588998,0.024703192371350807,0.12299145352030465,-1.1774335699769485,0.4981772604348317,0.3973998856683178,15,0.2891889735563204,0.07765674870901827,3.1911933340838714,0.02607942122317432,0.7295410722989862,0.19421229128301784,0.9618282373163547,94,238,173,33,37,191,126,255,0.08427360820762209,0.028144425469336837,2.1787270755668304,1.7132671197412317,0.2650634014912792,0.3961384000216761,1.1898467381436517,1.182887044326141,0.2651218452781462,0.19728191144387067,0.6061147027679901,0.3825990963748518,280,56,63,1,0.8725951356869226
0.08815403478049527,0.22815455844895663,0.34827329777989185,0.1230685578162898,0.21234955117436644,-1.3014240471315233,0.5266267422377783,0.40537855412809,14,0.20980067185902657,0.058944653977052806,2.769676904594447,0.034288186750514565,0.588104273281674,0.13756969331811955,0.9380210666696799,46,338,79,30,11,228,60,198,0.02132780964299755,0.005416468963751387,2.4156207404650867,1.4111262358444834,0.2336445803819483,0.4285132177777144,1.1050584733683906,1.2894904934330411,0.40616201311988254,0.17612015411531134,0.477437597764984,0.3899499065484365,268,47,63,0,0.7672952864152709
0.02577678657721957,0.33110758996267065,0.21281017089895563,0.41583807438651493,0.014467378174639214,-0.4783372766288932,0.23481631384061027,0.32755016707162604,17,0.32605651763890475,0.06714582497434043,2.0117472596983217,0.026739308819880625,0.3674752550928172,0.2360541888756565,0.8610565723427499,101,239,122,37,28,130,37,164,0.08757769366044352,0.017155191915827036,1.1148578689683668,1.4253603131110435,0.21267125981098944,0.5080758576865478,1.5275047486646818,1.2285938152429408,0.3612902142964622,0.1685155064636595,0.4709957259085947,0.38413001193090573,129,62,10,0,0.7034327941236491
0.1393967821921433,0.022967829348414303,0.20878259591428133,0.4257463739637204,0.2031064185814408,-1.3804777068974865,0.2146540385911176,0.29308511719820607,5,0.35666780092745276,0.07247036756849178,3.291265236589245,0.0042862027776843,0.5985253425321871,0.28082164418488254,0.9041132781185897,40,300,72,19,8,111,21,243,0.0312383259409904,0.03797783842600548,2.2614815823536114,1.0979474138949823,0.25985462453912256,0.4360327375973123,1.4982612758715952,1.0565243755733909,0.30242785687906176,0.15865848466068364,0.5572120316461855,0.3029136929925572,207,63,63,0,0.21808939211983727
0.2015202225686975,0.21632134057720281,0.0932759991786689,0.2191788565012589,0.26970358117417204,-0.9233662779267924,0.4733900400882011,0.440594587872645,10,0.5172967962022179,0.0594208963821162,2.334811382286234,0.04138104255345462,0.8792880351128073,0.35551924304532245,0.8764585696635601,40,358,96,34,38,179,75,159,0.031362320595767504,0.03464389072254906,1.577544331428395,1.4739864234906779,0.23133561633830577,0.40862784046467576,1.2553103518166036,1.0840545222299507,0.4019327371386408,0.16173441522020562,0.5158049708009552,0.3139880048311905,233,105,63,1,0.7247981819817014
0.28073474148745964,0.15112581469174466,0.23207859364856423,0.07182327252169034,0.26423757765054096,-1.4013204439085993,0.31023155372472533,0.3368850512878582,25,0.18533712410780934,0.029579330298412244,2.2779300826724076,0.0416962726988082,0.8753958814166,0.08617938461204679,0.9273866116162539,33,260,63,11,30,112,87,369,0.03947014021557836,0.01860070177526291,1.077649312617483,1.655199870174211,0.2733657881044332,0.33968416614972075,1.5994227834803958,1.0532005553624548,0.404810576254399,0.21746038919492514,0.5405684776498131,0.41453589174242095,255,89,21,1,0.6192600338689596
0.3527058586243264,0.09338401648537807,0.006513541086223377,0.5178536452044652,0.029542938599607108,-0.4723019851417848,0.27945293065796084,0.3307363362176676,14,0.46461261667961246,0.08689064406998158,2.3032294980389985,0.02742489949782893,0.866327957779318,0.15181938232806777,0.8848744674630591,21,173,145,36,34,205,67,157,0.07038279001809748,0.011520187502990185,2.0225459111949404,1.5617348426927031,0.25000015627753797,0.44703676723610164,1.239594940262741,1.210162211937767,0.2778642300730733,0.2043539443461505,0.5337064902925588,0.4036687920993607,126,85,10,0,0.7405275065139575
0.041020897676827574,0.15571108229369518,0.22061179108614476,0.350142957203092,0.2325132717402404,-0.57213584670734,0.30455650977561793,0.43815142420978564,18,0.4861651641578539,0.08623794766096894,1.6501898225287694,0.04172794236431704,0.7874066031997816,0.27948434395279664,0.8749471670665313,64,209,169,18,27,203,45,197,0.028395834646206486,0.027967823935698414,1.3856107879222441,1.3057773514092916,0.1827544876338546,0.40587306456696215,1.363889743136922,1.1968553036496292,0.31489206677975357,0.1336044800803083,0.4780921780380086,0.33698728122761834,287,52,63,0,0.6898247391361513
0.7417492962713518,0.04572079405775596,0.019660112036315205,0.1007403208710946,0.09212947676348252,-1.444749992773618,0.23581279520814583,0.4562487188604397,38,0.5485123382324657,0.05505287600172348,3.0854412809328817,0.03161436259366692,0.7612458601211519,0.1973251381780924,0.9707865627840281,71,178,89,14,16,197,101,189,0.07871425029685128,0.03286297900627154,2.5780554378822877,1.8782126287105938,0.25627053160755786,0.3619160081997353,1.197349447366366,1.0012914072289196,0.3111875589379744,0.1763035427029163,0.5923832646660465,0.3943137784231457,259,48,63,1,0.7191163730095146
0.1609604343079172,0.09009516767064865,0.19121916352967952,0.4560243909005306,0.101700843591224,-0.8317009260594022,0.20054876125607898,0.3879240919393638,26,0.40628724909693564,0.037223966221378815,2.4494188903604597,0.03256595294209757,0.8411175641713161,0.13041524307951516,0.9244633819947875,97,294,71,5,11,113,61,365,0.04480732766348811,0.0348318715042098,1.604541973716806,1.1509064996911489,0.19251249676380136,0.4470162161744716,1.241413747013762,1.1878600636216652,0.31235483665036184,0.1632484242481744,0.5370036069699936,0.3261444850879907,130,83,10,0,0.6681909999739813
0.22670590167281432,0.11102048277129922,0.2989335972234871,0.020675370229402114,0.3426646481029973,-0.5920924400509346,0.2974697179334615,0.3448265873592494,15,0.23353304788404242,0.05487885122078463,3.3383096166045996,0.03136096453050446,0.36261818004537627,0.3988491511085246,0.9383801824403296,108,336,154,44,6,240,118,322,0.03887294718915027,0.02987683748778553,2.337031043355689,1.417218889778952,0.2844085841821748,0.32271166033121906,1.3028573850936405,1.265346250903467,0.33576068694115013,0.14584509738374155,0.48052888359936974,0.3103921882335439,214,49,63,1,0.8360889985745243
0.24029843888218122,0.19648390433869253,0.27969499715627427,0.15647665592675586,0.12704600369609612,-0.7802880059311303,0.21024077294818402,0.38048393389912505,32,0.1494298850276575,0.07282130174958071,1.5465603004397535,0.008732394753294579,0.7447285098869532,0.19057898854944055,0.9437041262437724,76,206,132,0,22,136,83,272,0.020217969823580366,0.03751926089607236,2.3802824708625856,1.1836477234080574,0.2631849841008972,0.5329478223049087,1.502152764969467,1.1924807227370182,0.33451011263811814,0.17470710946020657,0.4946502403004783,0.3513747813629921,131,63,63,0,0.6947181262954786
0.023522744706820028,0.0757018991781243,0.521243906587819,0.3595054627181783,0.020025986809058306,-0.9986121602605859,0.42091985746398347,0.419461044167389,18,0.16788007301642993,0.049132413110988,2.252583546602974,0.02733492015706755,0.5214871125264748,0.16039918462385924,0.8742054853370496,88,301,81,16,24,131,89,356,0.046925549074932724,0.01143619132340005,1.1809137577949564,1.5196128780953746,0.22094843792323354,0.45453130294510297,1.1865837564960182,1.1407665207009345,0.26308273993805764,0.10745035853630032,0.6373043463191054,0.3975119823532825,312,65,21,0,0.6595397918570814
0.5280193563352328,0.14843310353454758,0.048176882937262876,0.21140689866828274,0.06396375852467404,-0.478908712978859,0.3733759877230394,0.49376752290785897,39,0.29852036002418314,0.059904336419173226,3.289885001875274,0.040169977468217634,0.35725965339702703,0.22670254668218365,0.862760834775423,124,176,171,50,15,129,55,291,0.07030959221390994,0.012949005893006169,1.8818695599492195,1.873684383351181,0.2328328285422007,0.5310799079502985,1.5501708168870656,1.136289720192492,0.28173572327790014,0.21260594590161622,0.5659960027560339,0.3368349000126763,206,30,10,1,0.779828493693528
0.016094304542338584,0.4357298142762753,0.39087918554892614,0.03649062977655183,0.12080606585590797,-0.6674233654304043,0.5596829370249976,0.2521659163640039,21,0.3477541602762487,0.026246638810315207,1.5705579364794455,0.04423839753253214,0.4879746828253395,0.23680215362573828,0.9673861133768518,69,297,128,18,41,207,67,324,0.06519456344014662,0.01546473095232385,2.511174313074707,1.3733774972204436,0.2234555268499177,0.38471170024159007,1.5843532553743727,1.0358488130221541,0.2495046830092608,0.13507031759038174,0.48347099698902024,0.33861086349208114,356,120,21,1,0.5937491172397884
0.11287149189732792,0.19666685081159466,0.1041829997005255,0.525629179887431,0.060649477703121034,-0.6611480053752052,0.45566219598509305,0.4698649157148259,17,0.5190020218557531,0.09972230628756341,2.2925592291962893,0.04210153127586815,0.7392827672454225,0.128980210374226,0.9074151389756457,50,219,95,15,39,112,45,321,0.0393877810302353,0.03567428600061326,2.5860948153077628,1.7327076947938749,0.21224329921512702,0.4848503819507396,1.3760626891371714,1.1042756346083735,0.4175367125241255,0.21479796924732503,0.5841141864756849,0.4252309385807814,348,113,21,1,0.6552762430186335
0.08353614021368053,0.14177643903674456,0.32113863274728993,0.37761546678064334,0.07593332122164165,-0.5998954217723645,0.5539344732417828,0.3958854099727654,11,0.3329532427402073,0.05759694266652447,1.8948011222173002,0.011596623169680437,0.6040281658390153,0.22929908620899261,0.9190169804779892,86,252,66,45,42,125,94,171,0.08523792252836263,0.023422293295673923,2.2353966519922137,1.4717198788647978,0.23138188700901938,0.4006206675230391,1.3202103939284144,1.2480707872100087,0.2479437714860342,0.21307032164847747,0.4960637303119919,0.3582841951153578,270,108,63,0,0.5475634132636271
0.17821873136490063,0.4019272769299886,0.04872283913702845,0.3121942679997536,0.05893688456832887,-1.2576812944949372,0.5646835172648338,0.4873190326461537,10,0.4082952416923013,0.02782801385661599,3.3686678141695148,0.04245715404728597,0.7145890343428892,0.2179150181395455,0.9347112445316814,34,253,134,28,36,134,109,343,0.07867574757709364,0.0088374225238368,1.4115741803370012,1.6971169436470692,0.24615198300646352,0.542714280861546,1.0337521645610372,1.1212080774578739,0.3961679779842092,0.15387399664018586,0.48547713928026925,0.33234290771447134,343,78,63,1,0.65258880593165
0.5288419418553642,0.11657204898191449,0.20861785770375116,0.004552448707966151,0.14141570275100404,-0.8117523708030828,0.46335824159355987,0.3638950032642824,32,0.5323169990832174,0.0495815494354099,2.0442852024997737,0.009179557097195241,0.7481107686338471,0.33571516791648526,0.9572026996498376,62,292,177,1,23,163,115,168,0.0398190399216959,0.0011035539390478676,2.3881720487015414,1.2501623942698035,0.24752244181009186,0.5412440555805969,1.1414398787214077,1.0857650959067988,0.28614705020025394,0.10794043817551537,0.5677934731777021,0.36832959906795754,183,84,21,1,0.8275571583300481
0.05347649658860144,0.3325350947840123,0.4644777381519087,0.08714273583664195,0.062367934638835706,-0.833585574072828,0.34684014393664875,0.37445404311331,14,0.34808160964686513,0.038848856191931534,2.701585309886343,0.012770846940258165,0.48639270904745036,0.15733637251758534,0.952017561158362,72,202,71,28,42,148,38,243,0.03625397703296011,0.027389029161786062,2.71292085932136,1.4339235485491184,0.23625667263774253,0.5462466251731615,1.353572902103985,1.1098465119412608,0.281402636246826,0.20187423073876395,0.5928441673270722,0.32981028035962123,282,112,21,0,0.6714971775616122
0.04845766406218857,0.3905328505154061,0.3158128717616777,0.012313576258283486,0.2328830374024442,-0.5142576923384674,0.4985063201741476,0.4720891059814126,9,0.4675320179733821,0.07848850534901143,2.6992318869692107,0.012555118189512738,0.45070839698680054,0.3703000552626999,0.9536851025739015,120,207,155,5,9,234,75,129,0.0636820827895434,0.02830326202244196,1.8501394281134302,1.9137869798991285,0.25753694086723267,0.5482790938113852,1.4145654366721736,1.1673345460531535,0.25447154451862813,0.20574997001332046,0.48230060846171763,0.32411370307690823,193,89,10,1,0.6268226916383605
0.3732209740092974,0.19246520839372722,0.18474623932708897,0.23765657223989126,0.01191100602999519,-0.7038533625218057,0.26224192821339726,0.33110606070631976,18,0.39497172537287034,0.09429914676368578,1.8321005250146547,0.026947238471281942,0.41031872306773554,0.2973308504596805,0.970512028185505,126,311,118,29,5,237,56,348,0.052021199463755774,0.032069036603354785,2.9630934568363414,1.2781059139522457,0.19791009816859537,0.3308636574100671,1.1846163008511625,1.077393807604517,0.2773196841517749,0.206147348786023,0.5143298047397764,0.30539954736680935,147,119,10,1,0.7374100931056388
0.37902336979795787,0.21200181264379284,0.26925479619318426,0.11182615469440874,0.027893866670656336,-1.0248376324340043,0.470347618140962,0.2554477881974425,31,0.29552183785684416,0.05056461053603613,2.1462686113480114,0.022547966629468487,0.7134808969470244,0.30862248273774867,0.9501650543766085,22,292,160,0,16,137,22,294,0.02821516324039861,0.02320047035472387,1.0306542471703253,1.838966579840917,0.20005114701076773,0.41997804934438154,1.0724531201784528,1.0529848169147122,0.32478165015134736,0.16258079376044007,0.6240891414055993,0.3131978128866738,187,114,63,0,0.7385014001177499
0.23331925596109587,0.5515361029866318,0.1079396721889637,0.06804196767400435,0.03916300118930427,-0.5952513835213672,0.5482127736359649,0.27820294367040505,29,0.28139980707276907,0.026663009479613687,2.3788570952975268,0.013270300845092382,0.7430903489419654,0.05569148986719754,0.9088436798410463,75,150,107,17,20,176,66,306,0.06798811162655628,0.015371960637978735,1.6744189477033662,1.436945956941251,0.2920729294586637,0.45725147091346424,1.572229754361247,1.0616478312068165,0.33378325192101876,0.18654923312008745,0.6167824123231659,0.2966105398101196,373,108,21,1,0.6277455198698622
0.2561460694917697,0.10953592824082763,0.1663818241568149,0.46635286581714785,0.00158331229343998,-1.0369560721476807,0.3896677742546376,0.49066100821577446,36,0.3427247355577704,0.06216213155968975,1.6529035200872295,0.0016833683456547821,0.5759619825944996,0.27067136227180066,0.8783516001193247,75,281,96,5,28,141,52,257,0.04151145144462197,0.01778989264182262,2.4253369890869028,1.178465904193715,0.2586760268468966,0.5411200461110912,1.494999372810569,1.1125637400767494,0.35497611433468035,0.11354271386779566,0.5971247672114474,0.3996885975951696,136,44,10,0,0.660673575041887
0.12230010422720539,0.13141956013200534,0.21784806256126216,0.18328283876553295,0.3451494343139941,-0.9834816530936621,0.2060338956046037,0.45155368329358375,19,0.3479331268744261,0.07709016212616013,3.11453833670963,0.02386741864543435,0.6798056906938736,0.38758204070547514,0.9501214794979805,32,282,99,33,40,138,92,262,0.039324546234417404,0.01771781993999409,2.0190223727242227,1.844926614268892,0.2347988816678583,0.48357015160030964,1.2010436888442428,1.1407160196306259,0.298372325954029,0.1470625940360387,0.5928552872508646,0.3170716003416248,202,47,21,0,0.5402308097754996
0.005724336289755546,0.17235269957432148,0.17243329728591278,0.29564081964472144,0.35384884720528864,-1.2172106976280692,0.44578430556671783,0.32704305103766246,31,0.1562945035624727,0.08287903190933898,2.0975884991093854,0.03298116260380484,0.7626596716592307,0.33208024792040675,0.8877008916631905,91,333,89,12,35,201,35,128,0.07497834180852538,0.0025198032125258287,2.4365561382429792,1.632580710736586,0.18752326061078955,0.4540852143122378,1.4237631301959532,1.2422811471217057,0.4166426384178142,0.1287728368117797,0.540894870388854,0.3386862541637339,177,91,10,0,0.5943138437198263
0.030142916437637564,0.131847212620896,0.08121873023619178,0.12528721130693424,0.6315039293983404,-0.6436299576926249,0.4650544378312807,0.4626790965929932,17,0.12544028978328192,0.0999804431064908,1.9592878064408392,0.0370642597890702,0.4195757053236284,0.22871578001734105,0.8875298893627435,71,211,147,46,8,156,28,145,0.07942915215329685,0.018640582144147412,1.2359526486590353,1.9929767496701751,0.19268713515353736,0.3913501430476895,1.339465248382554,1.0808267918817236,0.36586145954767163,0.15031120637017428,0.6109954978951851,0.2931974445511332,242,106,63,1,0.6394107883734546
0.045790239181648665,0.2078927085066439,0.24421942386560605,0.2535908152830789,0.24850681316302248,-0.8570950565095344,0.4195714205153988,0.45320395247177553,37,0.40799278919269166,0.07645205383744359,2.3608532174450714,0.023117398167546134,0.8129830966758467,0.35329230945316753,0.929495829329725,87,285,103,16,22,173,101,175,0.05400243996069824,0.002398987038665128,1.5154419625980808,1.2853111204744088,0.23684263616994058,0.47689144309116266,1.0586745826687967,1.192207581390963,0.37954147306823355,0.1198962178891555,0.48640442997613886,0.29621872637620644,241,88,21,0,0.6250864762944258
0.006966940851275444,0.023613646664392043,0.4780147185266173,0.022207493281759527,0.4691972006759556,-1.2870244143576592,0.5241470469507613,0.2588357890272863,30,0.5197553396459347,0.03213858188004866,1.57310434604002,0.03769627260573368,0.7780945298354938,0.22373803800268213,0.8664003482628376,56,298,100,28,21,145,123,219,0.06625220566177611,0.028280727956555955,2.7410285616344283,1.674079822138225,0.22496083451684776,0.4217113841119954,1.2851570150483858,1.1765787333686881,0.335772218761702,0.11231073834402062,0.6068911267100595,0.3383086685777176,180,119,21,0,0.6113114038776828
0.1171279220603815,0.3198029064494096,0.409375185877307,0.03795047693499632,0.11574350867790553,-0.5973202440024873,0.5328288407662807,0.45939777907726775,16,0.26785322395443906,0.06049906073726347,3.344493929982985,0.02120211676235159,0.8638789293656494,0.33483651370473017,0.9134706983286597,29,270,171,27,5,141,94,214,0.049929971014718126,0.02132504617070633,2.751720260209008,1.4845967076733875,0.24702805557116733,0.48260896384813123,1.4796382622490625,1.2918147323796638,0.37298347029241047,0.17185049971689803,0.5962411518023224,0.2995572644148717,305,99,63,0,0.7632421340970156
0.2624660369372403,0.10944633685809292,0.27420990878803386,0.30479741919764036,0.049080298218992534,-1.4164884532225415,0.3983408128591171,0.2995785043706698,9,0.532630972610714,0.05351297982564219,3.1800414608766228,0.012847047447927968,0.6791958443771826,0.07419549399763804,0.930493443824732,23,343,153,29,28,195,71,341,0.03577028572999321,0.02699076525582945,1.5738542861619442,1.0652081919503582,0.22493288563478184,0.4930756190033338,1.0993659733499876,1.2325024635784525,0.3043484986485187,0.1590356351449445,0.4732052611804679,0.3067701510404043,312,35,21,1,0.6812479375945938
0.006959526729630001,0.23761292748141438,0.28791611632708297,0.39977756359573235,0.06773386586614043,-1.381138740765636,0.46738353751239764,0.32288642519354094,37,0.1383469327956604,0.059931280494098196,3.414910589996328,0.015529948201736008,0.45704671054413093,0.3968183464220853,0.9373052155640963,111,185,154,1,42,112,81,146,0.08206340118214826,0.02811147544045427,1.3633832185465036,1.4334673472228547,0.2339042389705607,0.5186499402243332,1.5840767776485,1.0025807323750915,0.24485038039786985,0.17357317063926214,0.4703877537402254,0.3463106090541849,235,88,21,1,0.7380523712927493
0.08804311065703249,0.15009800688913888,0.11840835705703341,0.13377356028984919,0.509676965106946,-1.2210615877053823,0.5378781601046311,0.2989991368587568,25,0.47244862375021335,0.07314470298974157,1.7700559922867505,0.011630083901776252,0.5298154755243641,0.22693607854200445,0.9755564426719164,73,310,107,23,18,156,77,199,0.07813936968650857,7.616168264727996e-06,2.502186368304058,1.9136516836703756,0.2197342632747532,0.4958317252852584,1.4358517651221154,1.2335600475046244,0.35980078850161884,0.16560711319020707,0.5139230293717129,0.3479882606351289,183,99,10,1,0.5691508554218822
0.45073198034937595,0.03710439436955664,0.15704773453896964,0.2994789194279802,0.05563697131411736,-1.283738574293116,0.5096051662938287,0.3320234946053567,27,0.14785459472113197,0.09359698754181336,3.4071973464516856,0.03719492954607116,0.5713341348260322,0.387517658283664,0.968032927730413,87,298,147,36,10,210,30,264,0.08164473976722411,0.034556073256124385,2.5040619351880675,1.707471477433453,0.2358516958676447,0.39757805579340993,1.5798168756170075,1.173741344659771,0.4091534946942228,0.12667036292562658,0.4914688701067151,0.3979710303351176,126,91,63,0,0.7735047111263333
0.19379839913781507,0.15584269911665993,0.4931119989213325,0.14127300736799872,0.01597389545619378,-1.3136491908979557,0.351793138355419,0.32618440383878766,11,0.5467847570545338,0.0888508467272513,2.0639849561340693,0.013537405316982465,0.658928053924102,0.3471936554257401,0.8896426283660593,95,220,98,17,23,189,102,317,0.020911350798521473,0.027467040725230082,2.7761601760090944,1.6919599989561747,0.1840141520096438,0.38239132929554076,1.314197438737339,1.148875727744024,0.25426545346176116,0.13416138984326564,0.5369634313516668,0.36057685462262457,241,30,63,0,0.6845620368317225
0.12366622703677131,0.0033814028794965575,0.006034311988827369,0.48486117870662526,0.38205687938827954,-0.7572274064732106,0.251391739336988,0.4940022521566978,30,0.341057343237312,0.06593395098169003,2.8636072491583717,0.028474068131763102,0.7721100348414958,0.12348584943869649,0.8580601735276945,85,246,174,41,36,215,59,224,0.07227682534969583,0.031016500358514092,2.5902879956678007,1.9611407131118077,0.23545649371282812,0.4879174828820131,1.5492816869592048,1.0872627264775918,0.4172396504850799,0.140558860330956,0.586357902133253,0.30209170266898033,238,41,63,0,0.6219293297994709
0.5311032764421074,0.01716168405698783,0.14440492613010333,0.16555779089533254,0.14177232247546878,-1.2876526900138454,0.5850907914085085,0.3007612454059444,26,0.3193571789170725,0.09251279001942746,2.761780372118137,0.021706048844039892,0.45237817368741945,0.34316202356312686,0.8907639611303555,83,206,166,9,31,104,79,137,0.06513216777841313,0.023931369091334354,2.412772546404646,1.1672865499698626,0.23269928328938283,0.320056143722665,1.08171420421368,1.0104460128154433,0.34326815903506985,0.1390928579026854,0.49289104930941574,0.34393481870036013,378,92,63,1,0.7781846539345096
0.04518542214831447,0.6961728974026721,0.060805265625236846,0.14701756376468272,0.050818851059093784,-1.4591176566338413,0.44690833951230907,0.4355078920292883,7,0.2068037151012683,0.057059344772446556,1.819262799340535,0.03727832658582411,0.38089617554139754,0.2469639201082186,0.9729151695385468,70,198,140,38,23,175,60,343,0.08049405723931465,0.019973451422653662,1.9408056549496389,1.7691221351068243,0.2655783238465506,0.3959178169907598,1.5664540609908881,1.1510878982576918,0.284395312740169,0.14745703904048177,0.5362402934803556,0.3599134651676019,157,57,63,0,0.5498515539236294
0.4802208149084441,0.23718327749113388,0.12837864398640397,0.030733210995032026,0.12348405261898608,-1.255792119684092,0.3940911234696882,0.3541956269341383,11,0.34394913144126027,0.05789878710122738,3.403768255541358,0.03833304302445882,0.685218863202671,0.2332676690914944,0.8646658697453253,29,355,145,38,40,197,123,270,0.07167812386609802,0.013777985456236054,1.3627370622066473,1.2225251161638404,0.22731755256040986,0.34672447095238146,1.1832854252493206,1.2916925712636627,0.37431464940644277,0.18440573265934188,0.4900372570322247,0.3610676695742071,361,87,21,1,0.6956714342247612
0.2332767934448404,0.18839130314982927,0.30713838388108183,0.01783899862893887,0.2533545208953096,-0.8096875492902069,0.3596230909732075,0.48466818400078726,38,0.44345952669718497,0.06397602898842826,2.291908564320031,0.029559583870816246,0.7147084220947468,0.3074423930990799,0.8908143844558498,41,242,102,12,13,121,36,204,0.03819430813280391,0.011347201744677715,1.9585440738331348,1.3837474954079916,0.2678942887008497,0.3792542732632257,1.4291145803163579,1.2669665267272936,0.32996241029499807,0.1967589758736443,0.47473284679591343,0.3218656253512861,174,30,21,0,0.7003709850647913
0.021519726662085202,0.25565447773088257,0.16023820536463834,0.010984027679356476,0.5516035625630376,-0.4682606426553068,0.27642723321980556,0.4346139859865308,20,0.438856380644434,0.06812439869491171,3.0112203231699746,0.04455909903345961,0.4692267150195976,0.35782066366905035,0.8767168302149162,58,295,164,37,10,194,42,210,0.03450949421620174,0.03228976858060721,1.075011450912328,1.3459808108280127,0.24856768408115387,0.5041559774812079,1.5853343302947405,1.1608889752451332,0.27465903520340335,0.1274743869046309,0.5760635963746998,0.30356583631320394,234,62,63,0,0.7500307888137135
0.20336838273382937,0.08536961399143816,0.10682212525822728,0.5441096724626677,0.06033020555383732,-1.2176877701755646,0.4125718579857028,0.4719903239499601,35,0.1240552308405119,0.08848585906254151,2.2460162508465027,0.03884150388475579,0.8143808187995001,0.3604731825314795,0.9232941414085064,106,177,143,15,21,154,45,290,0.04375727812570676,0.019625863535934932,1.7224161283181672,1.6210028954177655,0.19833935381476478,0.4094555661125899,1.5272643293321582,1.085738453084522,0.3276571147699406,0.19332831550385124,0.5918303862232595,0.35462629011052227,184,28,63,1,0.6772260948866157
0.10229992518845848,0.12322015603969032,0.5648660819732172,0.09134028528123317,0.11827355151740092,-0.9778266902440698,0.35680650142537396,0.3638808792188045,9,0.20256482359267544,0.07506381396065524,2.9753378335529765,0.03117032741518772,0.647335754805962,0.1041816575847231,0.8991023050152875,35,254,184,27,41,138,52,196,0.03292469206630428,0.014364689654871522,1.895385103030066,1.2822807021317284,0.28883614227780474,0.33770370772892744,1.2631713941596576,1.0210112382314556,0.3046576469201904,0.191610071588586,0.479148189652583,0.372719647097202,220,121,21,0,0.6783563785238413
0.017323014597898374,0.6362681055200193,0.0030617568616853803,0.2868356671671732,0.0565114558532238,-0.5938324393246918,0.5590547408659109,0.39232869697239825,25,0.24047105713668054,0.05493998207209191,2.5234655141193034,0.031359206440788344,0.8637339966444691,0.19938110996159214,0.8766941103793738,24,220,97,50,42,132,55,189,0.022240664163308645,0.024494935798969785,1.9432402308419865,1.8246209533035522,0.2569945704874798,0.470198844147166,1.4107461007523838,1.1373715689307595,0.2933956418562297,0.1022371716224429,0.5353824276666558,0.28202903691061937,158,43,10,0,0.6370404880085374
0.547937763997096,0.19538185401548586,0.10005196915042075,0.13738340146369005,0.019245011373307346,-1.110831348673362,0.28930521115172236,0.26767123062666637,16,0.3155967593104128,0.06423756993392227,3.243980188295636,0.03971137767028133,0.6473627001899039,0.3811943616177731,0.9205371478680537,101,216,175,4,22,180,49,147,0.03126787527999827,0.01522951353585964,1.45889198055846,1.4527712802332133,0.19108522015109708,0.4199658735974556,1.3421450798961307,1.296875735929457,0.41945542687229576,0.17907087602855182,0.5463931398298397,0.39990358553467237,252,124,63,0,0.8178792151202445
0.03580585337673903,0.2498852946567822,0.10113654933427224,0.5898589289881612,0.023313373644045437,-0.43297532736357197,0.2185383571199654,0.4245606544774926,29,0.21350622362957666,0.057424694924271366,3.1879496771060287,0.04478216511724168,0.4332709494408548,0.351277433098705,0.8670904278756608,32,219,130,11,9,249,73,152,0.07611834082706204,0.02094200652956172,2.442252805365795,1.0868232742727675,0.2353707445753718,0.44747830584775167,1.1747010624886136,1.195098975510924,0.25498044865533254,0.10965708497344062,0.5838937105045087,0.3222413996639544,148,111,21,1,0.7393762852986567
0.24322053926979484,0.12412517309704052,0.42161022193972086,0.06343536722249256,0.14760869847095132,-1.3579950417066582,0.4843669048840309,0.4550360016525461,22,0.3477560302086226,0.09409649461096666,2.2622751743450085,0.015947686760970976,0.7406643354564748,0.3717895831083827,0.8604242084160505,115,182,128,13,21,133,24,203,0.07743000667858735,0.037862992973099176,2.140288299713392,1.2405304416765868,0.2975627174346941,0.4173484447105253,1.079934067249411,1.2363345300906177,0.3659710692769265,0.18284311236767586,0.532906019858936,0.325157621953602,153,22,10,1,0.6925734086810208
0.19508318978947808,0.17646329255146967,0.27295010578577983,0.3516527575336624,0.0038506543396100946,-0.7886018049999906,0.2207219426974779,0.32427713590916385,26,0.24830460837214402,0.06444589096756026,1.5867953896376625,0.010335293397425895,0.8605941448670394,0.060395957029662016,0.8947594259141004,50,262,134,5,41,144,121,283,0.043132580634414525,0.022324455234681687,2.8881672307229844,1.0964368692898496,0.2605234033808992,0.32568552194993156,1.2337589064352774,1.2154331775172047,0.4121656971610591,0.15556745678047476,0.5795461900879327,0.3580435182178721,358,33,10,0,0.6689554935687034
0.3925097379029538,0.13499994551146485,0.19043873252102023,0.19056126132228432,0.09149032274227681,-0.7771397352205642,0.22554596281796147,0.3137042852397608,14,0.3961088887604196,0.022897062576222763,1.5846894524971988,0.04171668029491816,0.6177061652561199,0.36383739528762943,0.9795844772909031,61,236,84,19,19,115,125,309,0.08875729630979858,0.039988190572901726,2.5096224334002857,1.3894321015497244,0.2612309214038938,0.3247905572313713,1.2112619168666108,1.0108002134851575,0.31699094099872166,0.18202269555408462,0.46377656246673943,0.42329326621065233,127,22,10,0,0.6542954387523088
0.07812189248655713,0.03418112050029909,0.14111692317443542,0.438851092288598,0.30772897155011036,-1.027626372904566,0.4382018198944034,0.3439864158063267,13,0.40629422847276875,0.0915932531020248,3.046310209420916,0.016498159621987207,0.8313860241523292,0.15927798896058107,0.9383271396807039,40,319,64,21,28,231,112,372,0.028410141449345047,0.0018219438849955071,1.5875013262640358,1.0262668755819364,0.2984497823625225,0.3818916504322937,1.0939194399883443,1.1757078203911835,0.41196985765796373,0.20470724793211456,0.6263413457391905,0.31164177164741635,330,49,63,0,0.5875689071716983
0.09964888229730594,0.16298902248862762,0.5606042644401298,0.010972699815519455,0.16578513095841743,-1.3586136183459883,0.595060499063689,0.31716467375445523,13,0.4732437717525091,0.07051556766309655,1.6616878379351456,0.04165418226922318,0.7410088280164618,0.3137407425333036,0.9164708430523484,72,220,84,1,29,239,53,140,0.04298411463956538,0.02681472144547693,2.0829041994319346,1.1537604023279664,0.2619008455233805,0.5429837682535028,1.0358754463368842,1.1763124724968148,0.3565980744157395,0.2006480977216704,0.5204460282545488,0.41277566334495486,336,49,63,0,0.7446215603900879
0.3693785112359203,0.24225278796574445,0.07852015393654288,0.20245336537631514,0.10739518148547719,-0.6871171995193831,0.26117852085124693,0.41071213977449184,11,0.4709884073530181,0.06144549220251088,3.3162430212325633,0.03237095752240819,0.6093661284327454,0.38829854338827186,0.9215840986008321,55,183,153,11,27,226,80,342,0.04758085409460689,0.014402581515510993,1.4119880663672901,1.8467820765356262,0.2984046877988472,0.5361987462311851,1.2657561276584435,1.2677713967021758,0.27647250149887825,0.10850153239253839,0.5665436929463786,0.3351024627157117,372,71,10,0,0.6474132707041778
0.047054529611514934,0.15629101641156798,0.386243941774777,0.15934452557455836,0.25106598662758156,-1.0769264237874905,0.3806007638767723,0.320472222284821,7,0.29266356257731,0.06651356846002292,3.4956608836584464,0.03327649126411433,0.7869059611150937,0.3388684942618108,0.9713189596548498,37,335,180,15,11,127,54,291,0.07621127031897713,0.019479606456042943,2.890634355124368,1.573117339255691,0.1833886822235089,0.37576978029247127,1.241861800495952,1.0401642267015598,0.34106891191466693,0.10566666361667806,0.5062487129998772,0.28188059688569517,193,26,10,1,0.5237978797807005
0.3282084504470055,0.48035504930451484,0.022428005155187468,0.1667202055827737,0.0022882895105184988,-1.2810334157619752,0.31799537233913455,0.3573903530052488,30,0.22712977155082736,0.03359659494156305,2.2602455415867757,0.0022711221880621327,0.7941758407167241,0.2495665018096296,0.9161945754177614,118,256,105,29,37,251,61,222,0.05975870694207581,0.008373469508940468,1.7894237511248086,1.094803251343373,0.28382952815398504,0.47647151723641523,1.4611904641261568,1.2286120998497272,0.26406003442830056,0.17624539096628486,0.48787659272527467,0.3789022540190292,330,35,63,0,0.6905242677710491
0.0461141250356971,0.21888753276111877,0.07361539779792745,0.4113251746850581,0.25005776972019866,-0.41385841743009166,0.5122171021687529,0.39626355850355344,12,0.12478152674600752,0.04946312331641993,2.073820708944554,0.029751567013559545,0.3777261627437721,0.38066919949920613,0.8921224034224027,98,298,174,20,37,237,70,237,0.0283453280594114,0.015454659390876686,2.4760922735203974,1.476591524942131,0.2924533580696858,0.5284076102433322,1.1953424036464877,1.296736417254787,0.3350409163216729,0.10887164779396313,0.46696599746470796,0.33889187667361625,126,82,21,0,0.6433496965801729
0.36946723187761477,0.02643662730904338,0.41320951673356743,0.12132816760684867,0.06955845647292586,-1.0789316915507587,0.5066218412938378,0.3414183127510533,11,0.215700829849722,0.08699175744647614,2.8002452037836854,0.007651930890094112,0.4427503770518991,0.08461384000193573,0.9583186147230854,112,245,154,44,34,189,126,326,0.0729330981025419,0.018635385378981385,1.5122852595720493,1.390342353215899,0.24375600501797853,0.5492862439141001,1.1719119895487278,1.2207864716031405,0.28614931737418786,0.17588219150304352,0.599677385719607,0.2801352877591755,213,98,63,1,0.7186172363825476
0.31682337988924386,0.5582174130462025,0.06473204926470368,0.026594804009910575,0.0336323537899394,-0.531020251221831,0.47038046215253015,0.3762447190759321,39,0.15095620730758763,0.0643863683549746,3.2426396500039605,0.027454679359302948,0.5164380755999981,0.05209352193908922,0.8773748815368687,21,325,141,0,16,235,77,302,0.05778590651272728,0.018413579907632923,1.0441062691311676,1.8207181522473035,0.2744469904830677,0.3464793528356156,1.3756043551163564,1.2576494935132574,0.3323035992714639,0.1903309028930107,0.4833644432043057,0.2895361187699277,136,67,10,0,0.671780567985047
0.051420348459801084,0.5527467362283284,0.0380078106019814,0.17939518638321159,0.1784299183266777,-0.6074774485824429,0.4680405889067479,0.4357713253465657,32,0.38109724720087296,0.032642501531790054,3.0214800397503705,0.03238805264837845,0.7387639109358928,0.21092414305233184,0.9050845196163484,41,183,100,43,40,166,114,367,0.0390164852847223,0.019342336389304386,1.7031772298969823,1.607463403795441,0.29604513625573575,0.3711419146231455,1.2310771130782951,1.0885959340381595,0.2570112257134067,0.10433428098771814,0.6486038775479384,0.33285883224488644,296,95,63,1,0.6260130731817175
0.4309708483784783,0.0413321028515855,0.13500036915619246,0.20709292309274266,0.18560375652100108,-0.5191531027953873,0.5444786623355804,0.4429017662343912,35,0.5324125956052543,0.060098183991761416,3.3391300716052843,0.003960842444195552,0.7254174935596563,0.09159729852338033,0.8981243823987063,94,182,137,48,31,180,93,371,0.026218494578597176,0.005700163840913782,2.2371466881124755,1.1789094205013155,0.28994880314104776,0.47636487851262854,1.1809831570578633,1.189227571129864,0.25317281806223657,0.17256511904451957,0.48944921158355253,0.38118351375005327,171,116,10,0,0.802403557866651
0.5178530418904027,0.2296085555759226,0.025789092187541728,0.07286951734994442,0.1538797929961886,-0.45310282796517404,0.4305956327000979,0.27105247144371813,24,0.37733706492109614,0.04706062437607044,1.846096507034996,0.03357030174405276,0.8190656762742576,0.23669674035672492,0.9246294854426718,32,366,159,0,21,231,115,361,0.07939664357551317,0.022040029239522627,2.782143600316717,1.4966062851143351,0.22412329429517605,0.434581478426245,1.0258979621434112,1.009017146244531,0.3333637251892547,0.17076060762952855,0.47317797745102885,0.4021586128545935,366,36,63,0,0.7930441916452634
0.11929928526652772,0.05098701934545291,0.1673444607634825,0.6103810781394873,0.05198815648504975,-0.8820174707496435,0.5476660449520006,0.33669477049494234,31,0.39690817276048534,0.02729008681559722,2.0262770441829248,0.044185490455742556,0.48336416525933973,0.36829235958485906,0.8565817204610511,82,181,94,52,13,175,21,253,0.0363591247875758,0.023415631007407324,1.191747905650468,1.5735207952229795,0.23940878263444829,0.42841684544131725,1.473417428487303,1.1053187440928633,0.36876191105342787,0.19681683275520445,0.5062929957979254,0.32753999679422624,309,72,21,0,0.7241049752447256
0.0007131476664532855,0.39099183946603394,0.1469354807537525,0.009581020859729688,0.4517785112540304,-0.9780674522238515,0.404216617237058,0.48409943148989976,11,0.13860786295363134,0.034762874994869734,1.664884851632629,0.027873966135649346,0.8169893776919789,0.23808927103916114,0.8541397413542229,72,265,184,5,5,113,107,202,0.07959334710460793,0.027833233458289048,2.969485796939174,1.4820657352293516,0.2023392727551465,0.4035263115575891,1.050662099665505,1.1200725341880586,0.3485010337599891,0.17876897789442314,0.6443129130919686,0.3405273972280374,205,30,21,1,0.5552342343864954
0.04552942249599902,0.3617270562995501,0.0504395908125827,0.09479617065840125,0.447507759733467,-1.268041401258264,0.4317217607748459,0.2561098024836036,28,0.1822897960694506,0.04501678622437641,2.605701101932891,0.020740895716955785,0.7646199383315333,0.061666831387352516,0.8773649036186644,93,374,88,5,19,227,111,334,0.08739197426079656,0.007445357860371775,1.409640829950451,1.2872549462807625,0.25080034400314466,0.5120272538336487,1.3051738109448856,1.0111910975115055,0.36270658649188026,0.17433028801144,0.531775327601712,0.36574699149409806,369,70,10,0,0.5745592511860752
0.299398092529035,0.1552063337520965,0.050395397621478176,0.04104743578626145,0.45395274031112887,-0.9312458651702102,0.5457749497754266,0.39813269645906735,15,0.15175448936855473,0.02286992677794971,1.8512366137601284,0.016627934170408518,0.4028736604958193,0.17250210142169004,0.9691607880132774,81,153,154,3,38,208,52,311,0.03800102286407949,0.003002288334960275,1.6763425172256137,1.6949252102651808,0.21316393468418832,0.436619554597062,1.2617570704459782,1.2680513979085042,0.35094648138582574,0.1414894860928393,0.534856110103145,0.30004148161190985,357,105,10,0,0.5622116278078784
0.07480140924974257,0.27828847412360413,0.07883813645712025,0.5649583088140754,0.003113671355457776,-0.8599965652569509,0.4962373257942539,0.4330652981345233,16,0.15249361282456836,0.04985661631687552,1.9226358098857157,0.04305180068759297,0.7092224310538446,0.15733823003620234,0.9570869810374314,42,370,139,48,6,104,44,213,0.08411468066043032,0.025593847947742457,1.3771164489006988,1.8471785355024588,0.22660378878189003,0.5480091950323115,1.332105860895925,1.0037093308629266,0.3126403486350215,0.180516382785186,0.542457929886394,0.3856014005141318,191,29,10,1,0.6958027179040807
0.032028257039208634,0.29088183710850135,0.12580070223813075,0.4746134751518068,0.07667572846235256,-1.3583809711352204,0.223229904312876,0.4169892572798647,5,0.4207941286903681,0.09097863818006205,2.1996325448571508,0.001201615544610367,0.7532205019820506,0.25924726651798957,0.9740350835441671,65,219,123,0,6,108,45,349,0.04476141441848287,0.0029715595893885817,1.0574320197829905,1.638912759659156,0.22324607815687678,0.49068892511654405,1.3647064201026606,1.0693244928711114,0.3494765300395959,0.14738513939451298,0.5875241030502522,0.31936298244908723,147,53,21,0,0.40309216498580863
0.0313711945908223,0.04475842883045424,0.09769995046126291,0.639000228250483,0.18717019786697758,-1.0730357842506641,0.3749529527133688,0.30446763751261097,26,0.26650471297072426,0.027872387831590812,2.8674685140542318,0.007779862652060408,0.5116014366772865,0.3200573853057155,0.8665591601550933,86,321,133,16,27,210,49,353,0.04832239678633368,0.009306872916941322,1.7680610798613623,1.1402167207511127,0.22798865312296535,0.5317424766258948,1.005354055442805,1.1717962678041045,0.31506305743734425,0.20144253287394973,0.6059927703265882,0.35232502765033485,154,59,10,0,0.68441078642264
0.26820308012956506,0.20554045916059432,0.020625512311203843,0.13555323525106167,0.37007771314757515,-1.1758222898833517,0.289209826171933,0.3313688333337911,38,0.19347827585132524,0.09650870500192109,3.302738437318214,0.02795699851945257,0.6436515668431546,0.3966111609363015,0.9148424410688188,111,324,73,1,23,164,123,174,0.025927100462752067,0.0336988224512581,2.462727106273637,1.354921895321373,0.19462833716719463,0.5035376560145628,1.2113256113285324,1.2345036413882584,0.3490456846576074,0.18651315672278185,0.5735534305005776,0.43373908483504664,332,46,63,1,0.7035544198000656
0.5328537245792688,0.09275532699970203,0.3411837508344143,0.017081596939402255,0.016125600647212555,-0.7027832394242063,0.5155794166642899,0.3123909621007138,33,0.48941531501009244,0.0979134225071214,3.443452698290904,0.009414237478490925,0.5277749171370135,0.2005808697781652,0.9130526101598407,70,299,173,40,23,249,52,338,0.07519661981115341,0.02424809481725957,2.855493609385116,1.9808526844434926,0.26965187220520886,0.5242500044133916,1.052207005347886,1.1743299418866366,0.24428783280638447,0.1324442582336141,0.582061746474617,0.3898948191236185,285,110,63,1,0.7623386625296428
0.05708435541818898,0.3629326381384332,0.36168977730807916,0.10093616279416405,0.1173570663411346,-1.465344504579146,0.35093961584371997,0.26049663583147203,35,0.24119157939321337,0.08736586739841717,3.467422643636768,0.019184385553013352,0.442029585009194,0.1632127867081374,0.9591093163723479,39,194,66,40,21,147,33,189,0.08275488657972764,0.008790869509998203,2.883141312028731,1.4431432779501974,0.2995620917515569,0.4881217645262317,1.5010743483435793,1.163157909418481,0.4146352142286528,0.18577568359406837,0.5430864596374707,0.28911712785640514,314,41,21,1,0.6086098928297322
0.7460129117682233,0.004990047091410296,0.09253155579344927,0.05724016258924821,0.09922532275766885,-1.4632131688082668,0.5446090641018256,0.4576127290840618,25,0.2479477903766901,0.09096817720108522,3.4491908943614527,0.035837165479247535,0.5076830107095793,0.18120877477985098,0.9151027005493007,114,341,180,19,23,215,66,363,0.04276509486701199,0.008456295425813814,1.9463869368931515,1.4761776366732113,0.20336924961308836,0.33968399782115916,1.3802455311039454,1.0725721837136064,0.3594362034771737,0.1682176330162689,0.6252580610703241,0.3220818545715487,141,33,63,0,0.7775358566274929
0.17016384875679258,0.10331784472568017,0.06368520790367621,0.46507862390653004,0.19775447470732105,-1.1095732406204177,0.22537285421980224,0.41700294102262153,35,0.3788035230414031,0.07437835222191856,3.187549954355939,0.024733200125919442,0.522923939192911,0.1381235764257717,0.9177683669455727,59,250,165,23,31,140,23,175,0.07562697895987609,0.039006402962401134,2.336815870102951,1.6040694507744135,0.20047940082851823,0.422545935918397,1.5645333953990495,1.2884422746714017,0.2532841201384556,0.2010129659686533,0.5011836039539147,0.4312282436953857,311,44,10,1,0.6811538530572125
0.5860737283801407,0.009665526292773842,0.012509157272181128,0.020558500026389242,0.37119308802851503,-0.4646392764200818,0.31703586905006625,0.25508136180686447,30,0.3786095166275117,0.06117129175694541,2.7611326081122076,0.04068762692497941,0.4572307859086873,0.137851172153066,0.9785753736383065,113,348,129,0,6,218,101,365,0.02325368201872542,0.01497057934178398,2.1872475244624083,1.8646987265714499,0.25931676534203335,0.46656781732971975,1.4474922836576902,1.126303024860819,0.3861256943200689,0.1869405669701858,0.4780910890271028,0.39597815309083845,268,39,63,0,0.7361041210272165
0.3688441046804414,0.1257338085183108,0.3809832495451203,0.04004839929639641,0.08439043795973113,-0.6775912409279873,0.43741932496418784,0.4234214749208071,38,0.4421392529769563,0.05830975664585508,2.015790087698922,0.035455228164031266,0.6052490799553465,0.29468576704437294,0.9004640717564635,119,357,177,20,6,191,48,286,0.05704387072394252,0.03177946874134853,1.5369236999749742,1.062251180906991,0.198636740534951,0.41820239252314745,1.4209437850305562,1.0460854301369384,0.3156166980317795,0.1755858440315139,0.4993053734249447,0.3830877196240562,203,89,21,0,0.8329693894533614
0.29672388165904556,0.12173566525881531,0.06373979689102835,0.29790673401768913,0.21989392217342174,-0.60402297336315,0.2092950078783603,0.3130485086045861,7,0.217481227809734,0.03762046720298847,3.493539016416819,0.027365015474245087,0.7138482408889126,0.08115330854581648,0.888698227072798,90,279,78,32,14,234,35,305,0.07375767997516422,0.011063028076216846,2.7903723676439673,1.0103852823036608,0.2184593784500736,0.38942157593106613,1.2418391011292327,1.173829189176958,0.3307375105091688,0.14169895822274867,0.5245767416449733,0.3935491823448962,154,56,10,1,0.5143622484925235
0.040121752697163234,0.210273019792909,0.12100378271233653,0.37904542725619533,0.2495560175413958,-1.4159111069279449,0.3837072994472348,0.37829912640858054,30,0.2971952489116122,0.04979601273148372,1.7659368040019587,0.022355564973722437,0.7661839079068451,0.2541047010754668,0.8901877341281342,100,194,65,19,29,148,123,174,0.04872730426296777,0.014286673362202542,2.0649352962652188,1.8304714498799324,0.2228953847464261,0.4750153553557592,1.1022521425456602,1.0713703030081607,0.3948444931297297,0.18943941107327922,0.5956650620001318,0.4112737901481102,236,115,63,1,0.6413070458137078
0.5464672410395361,0.169433177034894,0.1436086922283875,0.08848388993609146,0.05200699976109084,-1.3838655973525342,0.3584724761517482,0.3348469476584831,8,0.2949815850971938,0.03245872221628085,2.491360250649766,0.014843036709295905,0.760446123895743,0.29101796593222823,0.9742330498993478,87,290,186,49,26,216,48,141,0.04088037105624326,0.020810961854750884,2.5195280895251626,1.723845492127388,0.23503809131168862,0.3901696672865014,1.0177266756129815,1.2576156989403107,0.38979730410898367,0.17269506080003172,0.6136174506731686,0.3110005796103422,268,84,21,1,0.7404919543100879
0.5468328885198332,0.10680796895840705,0.021620285210518904,0.13205709997244391,0.19268175733879692,-0.5412881294195308,0.5892007171119219,0.31697772294100646,15,0.46493926868862234,0.09658924985352747,2.5370251460702553,0.026948032036054705,0.793713918911694,0.2817246318744805,0.9197639480385805,62,355,101,29,19,220,24,357,0.04225564492531369,0.03334176033810626,1.3765140843913843,1.5413767167958419,0.2586081434777898,0.5173058756495411,1.1895377442871427,1.2908504938659675,0.37518813889928826,0.21074556239611572,0.5085191588676738,0.3675199987422519,179,68,10,1,0.5816139923875229
0.5160455927226518,0.08600534920690965,0.17108513315171706,0.11654588935574144,0.11031803556298019,-1.4398403956400347,0.40423367468296834,0.47640510278771087,31,0.13398081548099094,0.0874869965572224,2.4402637712927477,0.004570360587174427,0.7183330734651323,0.11469924493045278,0.9293201947450687,70,364,116,12,14,252,67,257,0.05291593747383711,0.023392573588808807,2.0093574718507936,1.0554981729547417,0.2484751945283816,0.5374323060597411,1.5118503872886202,1.1267507675063344,0.3789506066376965,0.1203872945150631,0.5949262472397561,0.3083689284833715,201,21,10,0,0.6345273987299068
0.3776942811091599,0.18354006849600396,0.10553402029837831,0.28717209572144825,0.046059534375009384,-0.47946606221515875,0.24623534105680484,0.4801455598384514,28,0.149818578545501,0.036167743069600106,2.920549182882725,0.028448553327682584,0.33036048845055616,0.1664700137623763,0.8667343520132529,47,227,190,18,23,182,110,315,0.022233071896727536,0.027071702130693997,2.8600437558237175,1.3351019306122045,0.25943666013443617,0.4229092811149644,1.177094665950112,1.1596385200699826,0.25054634490291827,0.18148494312092817,0.5622841241671042,0.32243086683676775,243,24,63,1,0.7378032984038342
0.5992607585437799,0.02208393186770445,0.22505839312646633,0.028962104139557816,0.12463481232249156,-1.3678678482783908,0.5679642988369823,0.4103101575830747,12,0.2684153388220932,0.04611735421786287,1.6264149177378049,0.03961842334902975,0.3791321378502472,0.2633496241991781,0.8770006343213228,93,266,74,41,6,216,55,216,0.07885018896872097,0.02441202869788347,1.3651803568667722,1.0265000471290846,0.23636815704068262,0.513943525210433,1.1486635913190137,1.1739064223404962,0.28364429803235675,0.21637590173971732,0.5070904995199323,0.3132147674757538,155,61,21,1,0.573545210831675
0.09292999057189089,0.5373930218958807,0.12053361005391525,0.19490366398324757,0.05423971349506572,-1.4544372496309639,0.3260184570170396,0.31278282889721587,15,0.19618289962000135,0.051924522550468595,1.6221661160102623,9.795494084257727e-05,0.6156134535245272,0.10232604815284693,0.957256867231001,65,175,146,5,26,189,36,329,0.07467869198481576,0.03446924468277936,1.925393309842321,1.248675387647319,0.18293464840779314,0.5368907116757355,1.3531760537912008,1.2825130935997078,0.39105675398814127,0.17938160402470904,0.6053718830691808,0.30734266917819075,317,116,21,1,0.5539669787953895
0.0919684285912168,0.1261880492934306,0.48186955250665403,0.19055790094931258,0.10941606865938583,-0.4556221690713274,0.34084583133162705,0.25919953706922927,13,0.181716821058856,0.09996686854581918,3.3586823275811373,0.03396395799539632,0.3400480000743127,0.3451797201786398,0.8737570722341736,84,371,143,8,11,193,96,366,0.04431179664319247,0.009576251375119105,2.6863059868602397,1.9434342367236999,0.20026658963654667,0.5489733434270985,1.3408323384151999,1.0973308005120377,0.327539529394449,0.10778319511836663,0.5570236248801855,0.37619470831180046,304,27,21,0,0.6703103532656185
0.45802994368495364,0.08237401719984637,0.10066169215813123,0.23785722381248917,0.12107712314457937,-1.477544729082909,0.37370267959676906,0.4408385207827098,6,0.3991187755163344,0.05050650789144854,3.095074425630436,0.02122117614533462,0.39613221241694957,0.09818636724667291,0.9666463454220571,125,209,124,31,41,137,71,207,0.042737031065755285,0.0005788238142213986,1.0203932982920356,1.0884198855073564,0.2671372191954966,0.3836458799263507,1.2651702683883843,1.1857809079545236,0.33190458019369584,0.20726759118042085,0.6082782849701951,0.42087117806474034,346,53,21,1,0.7513418889317017
0.11089424395779642,0.2530183145069624,0.18243988700115796,0.031393287472870644,0.4222542670612128,-1.288096760232876,0.5179098761331529,0.25847671381531356,16,0.36628996257207525,0.0522898418024933,2.0389779968660395,0.021313434984283463,0.47434824858746255,0.17661100076691758,0.9789729278290156,102,378,110,49,38,170,68,267,0.06966896290975667,0.03438457917055089,2.4473057380029073,1.6193384871994896,0.28658659463921954,0.4733126579534211,1.4992294295069115,1.2024494989735943,0.32279324906583795,0.13423917973958277,0.5214167958608558,0.41361262197973503,345,113,10,1,0.5483793603066801
0.5805339406287706,0.09305430177700924,0.10671126368418353,0.21405529935673998,0.005645194553296568,-0.5042467893736178,0.2210434492918219,0.48589662118341753,15,0.29832181988523,0.06354139017219126,2.474314692275228,0.020774599433135785,0.8062664255611857,0.16741704474857216,0.9785100203927832,121,282,128,44,28,125,125,173,0.04178308576554527,0.03487787092005644,1.8153456589847627,1.7996726108841337,0.26163777394052035,0.36142789171955325,1.2979551204352637,1.0386476247536427,0.33102011779348434,0.11998094269257366,0.5872952964473046,0.3532105720711957,330,83,63,0,0.7991543483785083
0.19046203908565867,0.1233038490636188,0.18232699732776392,0.3735401398777682,0.13036697464519037,-1.3361368572666215,0.34065045140075345,0.44363083321691266,31,0.32658802250914104,0.06588540713465958,2.9452721217817226,0.044062229500707414,0.38507012002510554,0.3777936160368859,0.9101425069301577,78,306,142,32,21,166,69,178,0.07354768348562059,0.019387675343174808,2.5418055394686947,1.1035441885270125,0.1831163941850403,0.3753292187788063,1.1397637773689198,1.0765201835426366,0.31970379715614833,0.1800013955885287,0.6316954620088358,0.4385196444572027,226,85,21,1,0.7507725488902194
0.024419634355077116,0.15452334949801336,0.2053144452771762,0.1671042049469722,0.448638365922761,-0.4253199967994359,0.5273192609031272,0.3959103126827274,37,0.2188509641498716,0.02072336640617597,1.9631186734580715,0.031791891458488854,0.3898352209430948,0.29703141687940937,0.8842166356772955,40,187,106,45,40,119,56,341,0.06242894494736073,0.010684304337373779,1.472422333502796,1.5882688343032982,0.21119047409124111,0.45823021709053263,1.3693621948447434,1.0077250802904714,0.2873714631949298,0.18791726787927526,0.4862819400700034,0.3999969033197941,171,103,10,1,0.5168271094620831
0.3373752327127943,0.06576007396492109,0.5761255568729258,0.00482132101538194,0.015917815433976957,-0.8491022949036205,0.22522190503596096,0.3803493295194535,6,0.4146366449330351,0.05453163366172253,2.158014052206287,0.029646313439546483,0.8812996179376379,0.13198636149195053,0.8588920551373773,53,373,83,7,39,194,98,150,0.03479382106235375,0.03075080728750284,1.2868317525530233,1.4873391670395548,0.20267531281703174,0.38523337827574283,1.2684625787007557,1.144585202183601,0.395276321338463,0.15792275879185205,0.6407542167343879,0.36294975452941763,126,118,21,0,0.7052561829112891
0.08856765723717396,0.3074207189226044,0.4501083224631537,0.11544906910393267,0.03845423227313519,-0.7978880152349577,0.4184773492738789,0.37641910116056615,15,0.3846122822810995,0.02595711871497862,1.6271776601651693,0.012619723688048283,0.46824123905674747,0.30004375708380815,0.9631389234808605,109,281,178,41,32,221,54,226,0.059771168324963785,0.032163858940881904,2.901367047568029,1.8076519343108637,0.22990551574085236,0.34174986393576784,1.1483790226797987,1.158822709972402,0.2776234306926532,0.1884505696352076,0.5104290152828047,0.3496651592555013,275,63,10,1,0.7483214881964899
0.18690310922868392,0.07053614883441064,0.29968677915742675,0.3719977577483106,0.07087620503116786,-0.587062879786999,0.36139097859253644,0.30949254284308547,34,0.1636560199596356,0.026066045240770927,3.2301617522710155,0.04151791000626814,0.7949768471664455,0.12830760364121618,0.8551534316046507,45,256,157,46,25,124,82,270,0.06180090869428281,0.02970467947372492,1.96811338769361,1.4331417017016697,0.2326346749960638,0.32891901346054536,1.222141773088114,1.1159071097497772,0.2854084606462838,0.18338158455524173,0.6124291968946322,0.3432285410269389,227,124,63,0,0.705138065584922
0.3274188062705729,0.0032229266424927167,0.13861729825355637,0.1100687891692828,0.4206721796640952,-0.4619912507967099,0.5151353359584642,0.409751966473185,23,0.14394333186996977,0.02584688269861405,3.1783354528873575,0.006174529911854685,0.37580950440047833,0.36976811885354355,0.9039319475330231,95,170,98,11,24,136,111,250,0.02546938151746959,0.020500263653247558,1.6388949289631958,1.082899125954016,0.2327649331456362,0.45557249577466996,1.1841368439313649,1.0993569414942657,0.30038244470572334,0.21461616581850673,0.624673632312555,0.33199446896855306,148,99,10,1,0.5034855626013423
0.06272762136865032,0.3940858164301399,0.037322527586661124,0.3447686139647255,0.16109542064982305,-0.41520620811386855,0.2817302304214572,0.30580234380532323,19,0.28567781487584437,0.029754770175767043,1.8299939378098533,0.04353628268352801,0.4232101632803853,0.06166391817449017,0.8913271482965185,70,189,123,14,7,172,93,305,0.07802535636988232,0.009754395679515233,1.095431075604511,1.5522716897728075,0.2997424666007999,0.3285652869257118,1.446569322707678,1.132337749570919,0.36752712647807034,0.14268701885632168,0.6183562038209944,0.36931211979031786,245,82,10,1,0.6918093935549713
0.05169067532763856,0.11633605733136969,0.31904945792756556,0.5103074764014992,0.002616333011926897,-1.3249743880089175,0.27894264518239353,0.42284625858707425,16,0.28342397131414027,0.056251322069262144,1.9609865288673738,0.04121123242658619,0.7305457747472288,0.13671134282531489,0.8966924836514042,108,211,190,41,17,194,121,207,0.057667107108212254,0.030943876522957364,1.489979666777587,1.393365489283438,0.2287328434231116,0.44803860199057066,1.0265287591443624,1.0993688119188523,0.2774095831971845,0.11646312280501342,0.525566300294638,0.31698658336744556,299,90,21,0,0.7562263967822659
0.1694910152872778,0.5957831129879247,0.1460984646030891,0.044701956368599985,0.04392545075310835,-0.44931183646559647,0.23722904221103566,0.2813884716705182,39,0.3822267135945719,0.08363501256018205,1.6337878405373703,0.016022267714636017,0.5275805716311136,0.3805749723275684,0.9300725697425708,42,188,121,41,19,101,58,165,0.06953839719335114,0.006371150058374311,2.0937761664631456,1.7764185268538126,0.2410486200293095,0.4212230358851353,1.3798230640419171,1.0195627216060366,0.2549745323626649,0.11136162494457279,0.5151783321953403,0.3448352379660239,190,113,10,0,0.6905138111965747
0.1943222779646443,0.5437623102020385,0.14105867847607795,0.1000446473742633,0.020812085982976056,-1.1323121358159856,0.3603071930638839,0.4056791070902265,17,0.30600330388141445,0.06748154601850985,3.077285502831547,0.025863126661705683,0.44007066014593393,0.3680208283968164,0.9608530808077963,92,259,180,39,18,110,101,278,0.061629245808211726,0.03740315655119031,2.439985784501193,1.0176996208222744,0.23913423475766568,0.5389281771892815,1.0810993904157662,1.1978122681215377,0.30485976156017636,0.1494717677961841,0.6335013284472895,0.4128614112594783,171,58,63,1,0.7894901368372036
0.3987550541244932,0.06906886771226747,0.0599619029513034,0.44601860109970887,0.026195574112227078,-1.4234388918680128,0.20749104691406242,0.45673824289391857,37,0.4046966788557321,0.09304133265646876,2.906947965634032,0.0018116345335487231,0.3424196829739376,0.0684071334628821,0.8638722712943692,93,337,77,46,14,190,54,308,0.05253230093984141,0.029469708923474315,1.8265498156695252,1.9919893028807598,0.2663903920470479,0.3202141275428939,1.2507578701498774,1.0894011276316131,0.3798830004687188,0.10713595457520757,0.625983034302489,0.3788836063880444,266,123,63,0,0.7394200284774617
0.25747019250943654,0.018850755533354375,0.6423317194005412,0.0052761950005939156,0.07607113755607404,-1.1604738142057687,0.4458048375648823,0.32593294039381593,16,0.396597830317511,0.056525685890760666,2.0086681316673696,0.0033031418689364995,0.8506984907062215,0.21462883336437485,0.895975348082303,104,325,82,37,7,225,28,319,0.0819116908593959,0.03148410690072059,2.2758122540261843,1.7791935490629807,0.28929124453163346,0.3595474096117288,1.2363348850225109,1.1398098101843888,0.36304474978353496,0.12639386781841833,0.56568599296328,0.3415594197252986,226,38,21,0,0.7715742226583694
0.38633242368256593,0.314303805566548,0.023623871374842186,0.19801796953387096,0.07772192984217284,-1.173250746341934,0.5621805225077839,0.3479094467982087,33,0.3385654397607559,0.08673798340714681,2.927325210846737,0.030643497231323043,0.5125742662996765,0.22604336014349607,0.8561860470887517,80,314,79,52,25,181,108,257,0.024926516840450903,0.028939387396757454,1.694499021260162,1.3350789535352434,0.2888666173367058,0.4412632945078749,1.566904612746919,1.2972453187288224,0.2452471335893247,0.1891026478091004,0.5612058284347868,0.2874992672383591,227,81,63,0,0.731981328502276
0.39998169711065723,0.05167476889718737,0.025915812450393566,0.25218346023739896,0.2702442613043628,-1.3448909134786813,0.4476473825278842,0.41662697468561927,19,0.3533574169547601,0.07596629175978331,1.743540818940534,0.04270605360546557,0.38830341992070516,0.07968498650309686,0.9252488847880791,56,338,132,44,21,167,115,222,0.06858895591614288,0.004338097836179346,2.3278093465863314,1.030470385960962,0.1828405141101552,0.4538753706342516,1.3394392660429963,1.1152939518072666,0.2850518006396202,0.19991215623210798,0.5799775885110268,0.32308369240143325,202,36,63,1,0.7964766802581768
0.3868269089048069,0.4461284421051738,0.0706452723828912,0.02223428159005528,0.07416509501707272,-1.4034298679558583,0.5153535570091773,0.2719330233362012,6,0.16270131134872096,0.02251572534435038,1.968753425226851,0.012514402216973055,0.7298664761359356,0.2240178814089514,0.9652495075383714,53,281,112,51,24,224,90,262,0.04641470857164764,0.029817741655708076,2.605746206811432,1.8676793379044248,0.20487271590104714,0.4236221211298018,1.2656059284616141,1.2455199176162195,0.28234825246270984,0.1308575903492465,0.5954343904925508,0.41542671333049735,249,78,63,1,0.7032409799872583
0.21547760174379285,0.1442312495731282,0.5877842054525935,0.032383671881275784,0.020123271349209743,-1.4856362175407773,0.5759988256266529,0.4691274451150839,7,0.35959572707064563,0.0719501471206817,2.61420730605541,0.016112347376424002,0.4812911652466298,0.2273609178437162,0.8890438577760534,112,278,149,25,29,167,122,139,0.07364012396427261,0.029124901846702415,2.653880661369069,1.1843913064967295,0.23576635142220326,0.46334768586533825,1.4312541795170575,1.1421349604978388,0.3209260123543947,0.21716617019381726,0.5429906993214141,0.43572054189996134,275,70,21,0,0.6996044951124831
0.1378607532105998,0.16284052845184857,0.2533027097109866,0.402173349788174,0.043822658838390975,-0.9261409207805212,0.503505616630398,0.31612214619161977,37,0.45612661963465734,0.025628339781949807,1.6328014184329749,0.004447535330351909,0.5276739856353635,0.08418399681825754,0.8735588242426117,42,302,152,8,10,249,69,218,0.08585149968329216,0.013188354125846541,1.2072487845106579,1.8054788506660113,0.20221474940249742,0.49717310437863194,1.0844136163904345,1.0042364662247008,0.3949476098981158,0.17884370056578475,0.47857066143016125,0.32105408317101514,273,110,63,1,0.7256264985136145
0.3594072107497136,0.01409532188808245,0.09348850183530452,0.15151846107287187,0.3814905044540276,-1.304895348562571,0.24627214095212815,0.34101542762043036,8,0.4253699923010703,0.06217781513890075,2.6077773474857278,0.023061355685862775,0.6420349784987892,0.10056943709103401,0.908407556922813,101,169,133,5,20,135,116,133,0.030638186000016148,0.016011237725385798,1.0427418110685016,1.9761911949452116,0.28572339809959574,0.48743778403431387,1.1558449481064026,1.1886281629312667,0.2723169782912917,0.21887106658598482,0.5956498655063783,0.34514158446675836,188,69,63,0,0.6032077934966582
0.12671504672215117,0.5556471377582692,0.13542783370123798,0.07622744683760523,0.10598253498073634,-1.1796057609446515,0.3723781933641094,0.402257523259685,16,0.4435145882053222,0.07638736137167393,1.650695063345308,0.02637577463481069,0.8578925065122424,0.2811816757503189,0.8787920683785189,52,284,97,51,37,244,103,331,0.05518614884531579,0.01357793433298092,2.632610309348924,1.0667575627491401,0.1833927248823073,0.549507303604962,1.1371259546043089,1.069700766818219,0.39127728234361103,0.2071273812412583,0.5730274092731833,0.30929892147103977,192,43,10,0,0.573099756207965
0.003752561331798766,0.008382606836859877,0.8995520300616403,0.03170459155572452,0.05660821021397665,-1.2938505717371511,0.24194504282921622,0.2706908320168544,11,0.2301308476030452,0.040954421604798855,1.723461184453955,0.005201598534241829,0.3202945893681799,0.21634638278412377,0.8588019604587924,108,297,170,47,14,131,51,181,0.07158430123807748,0.021834512311780685,1.1080382693961854,1.935554389075271,0.18424770337275548,0.4475051650209635,1.1208602036285882,1.227455454094885,0.26640684902329503,0.1638986449765447,0.5505072208306403,0.34653106791575017,304,70,21,0,0.6883889310637124
0.06610021188959053,0.14005024886494735,0.01142646037597194,0.10496548900922259,0.6774575898602676,-0.9880709033009503,0.432982705622228,0.3818957569911331,24,0.23756555740066046,0.09862144355722899,2.021903224571582,0.011287537010397463,0.4669358343130721,0.06251706593157963,0.978862815108774,84,327,171,11,41,114,69,250,0.07563717375975493,0.008569425775012723,2.07884565937467,1.0604257780291562,0.27665342086548056,0.40079864583024966,1.498322722608774,1.1851801237601272,0.3416423080349681,0.13294007198551822,0.6092095057122239,0.3140909642742904,335,79,10,0,0.5733886828237359
0.32976674498984904,0.2875958339668333,0.04256885664910043,0.18085067639657065,0.15921788799764655,-0.5294526747446672,0.4212951151780564,0.4956578909737035,16,0.1572153550076448,0.066988303043877,2.462113489810754,0.008565565860301091,0.7493838779460302,0.21458066157611388,0.9622708071354525,26,341,184,12,13,150,104,191,0.07208687311416813,0.03330730711633273,2.593628341901303,1.001153127248698,0.2526026123780885,0.32774537913127566,1.5936691407575276,1.2679716645152728,0.30515759966781886,0.14190425590685612,0.48096671385339934,0.36798580703794237,182,89,63,1,0.7787757214215794
0.07300206327209156,0.12437442393052113,0.6344586655236668,0.1577102475996548,0.010454599674065484,-0.9659979573989588,0.3200102906800332,0.38664105957996164,14,0.289779625608819,0.09673509923071612,2.7612466314444486,0.014282168375237816,0.8649987232062626,0.1700727911068805,0.9517741047236439,78,165,158,41,10,244,57,212,0.08674945199894218,0.017345418325592426,2.7632593882842484,1.613913983450984,0.27206477946492785,0.37321712293935205,1.2273650365914635,1.2467847827871408,0.36730028079124216,0.21100411603816285,0.6077425437847274,0.3872844577997752,185,122,63,0,0.7718267603948762
0.04981784707362442,0.10098325553883826,0.14624007869817215,0.6141165405654007,0.0888422781239646,-1.2287318924868171,0.5698530848764543,0.37041768781661766,14,0.3285564795361797,0.07193743893797049,1.5173092892867008,0.008313482920309255,0.8477704373447265,0.09461031283065409,0.9704850696404641,123,361,112,3,16,179,87,201,0.06671760048880336,0.037315039113131845,1.614444214712841,1.1387446616129413,0.29217605659500745,0.4978478475271423,1.220583870254148,1.2551192154939799,0.33451862730769866,0.11249298536132467,0.5315484872105216,0.3985037186997582,160,54,63,1,0.6815986735774321
0.11649283303744185,0.29672437061160795,0.07675733659977566,0.22931348452337927,0.28071197522779523,-1.2840492606394267,0.3815693630494919,0.45257333207248124,6,0.1542119743830888,0.028146086161572194,3.0444987389090548,0.002414753942005604,0.39390735506640107,0.07164015876149227,0.8750275324460006,88,237,142,45,16,176,23,162,0.06092313759886524,0.021799154472441035,2.2022117033155197,1.6347939695796732,0.20329868746593308,0.3233035353419588,1.2364066496853598,1.0049315146037492,0.3150405767181611,0.19922820498501737,0.48057329788383135,0.3894024962417932,291,50,21,1,0.5089229279039503
0.10686827650207523,0.25186947493901496,0.24219310425507198,0.18443438270632717,0.2146347615975106,-0.4753731000904152,0.3904224368654715,0.3047838293012813,35,0.48450011456792247,0.07027211327605933,2.2482687841485234,0.0332870504955134,0.5818242572232637,0.2800363301662613,0.9637538564394086,53,154,173,39,9,240,107,335,0.0898797338972064,0.01705202276523773,1.478878258096317,1.3581807295279136,0.18413689944725442,0.46958547211592166,1.078808809948234,1.258694651172003,0.4188533396104581,0.15113797771135432,0.6023845651939083,0.3251740627091165,331,126,63,1,0.7658483778085976
0.2508614303271073,0.2371606601016719,0.008953492877335314,0.5021366417792549,0.0008877749146304289,-0.48382282214111416,0.3919919012049383,0.4980709585530775,28,0.26679629484579526,0.07093861501280024,2.9707337093782646,0.02619400160233236,0.31753462169829166,0.11079380755929291,0.9028811574013735,62,324,104,0,29,236,122,325,0.06052468872424024,0.002433350181503826,1.5943954093476806,1.8060653290098394,0.27865802358759734,0.35763113688746834,1.4177803622932073,1.2563178835806172,0.4070200974384666,0.15563748845674058,0.5353888551990941,0.29119643766801206,284,40,10,0,0.697036307636619
0.13938566480462053,0.05172127767649956,0.7939411635278045,0.006569987631531184,0.008381906359544201,-0.5037222031932767,0.44307751490853603,0.4010568589511763,8,0.40004576829311783,0.024417982942159914,1.643955114881812,0.014355532936997975,0.5628538603107142,0.2261932509587142,0.94491017007711,42,285,80,25,32,220,37,265,0.023981602955151986,0.020136436968646435,1.7288150947863412,1.363941539408942,0.20438008292569904,0.48138127659604774,1.1309341133040185,1.0382860870789243,0.35804523730509585,0.19615387909033197,0.6329641955048314,0.3160451223373928,141,21,63,1,0.6068435248759009
0.18084536503173523,0.07837864270701084,0.11198507650396344,0.5861380959851377,0.042652819772152815,-0.834605900141464,0.4928157713871329,0.29074978466829515,13,0.21268832086389702,0.06836861787135068,2.7941342558527276,0.023360130640116782,0.7523272668861681,0.10356258074953836,0.9107703316112099,69,270,64,40,14,153,31,231,0.08324664964000117,0.03633526751774145,1.5783248624777144,1.5535021842796455,0.21289372486502448,0.3760102668954586,1.2885177664543597,1.2803026223366447,0.40343257695526286,0.20698983321276135,0.6367606846667717,0.41637817695447626,201,42,10,0,0.6459730372979406
0.14219398300366862,0.11815617507199341,0.28177861719029024,0.18507854656735176,0.2727926781666959,-0.47538986431800234,0.4733907273462653,0.422341045635797,5,0.3198808004431859,0.0883172773104059,2.835708792383288,0.04371056457872418,0.33324622195509,0.17126411463748248,0.9342200568389164,21,227,100,20,26,156,59,333,0.03552313911826488,0.0293085670342588,1.4094519282808162,1.6280068853607168,0.24903771324826357,0.36380139078839163,1.3604258957570634,1.0469915194340305,0.34162449025496766,0.18279957807926575,0.5102599952839456,0.3181039775591018,204,48,21,0,0.4794580761547263
0.13989024636768818,0.1584052627201135,0.36405026572315013,0.028777884167515536,0.30887634102153255,-0.4268925572959943,0.41786612756027125,0.36956325619277147,5,0.3522924780685925,0.08169039015651566,1.6092908330699565,0.02120909965311492,0.3436546707071825,0.08516918462153189,0.9000118146917075,66,333,83,1,12,234,68,136,0.08645756819453305,0.019590815474364566,1.4786485946163097,1.5475554170859072,0.22090621036071592,0.5115380078519188,1.5730542270987957,1.0044695530503278,0.246906658481155,0.18499708347573207,0.6438783109330153,0.3225277562443636,345,113,21,1,0.4847706584587307
0.27762691721716243,0.16643134118774905,0.40277909737876105,0.10040177995029839,0.052760864266028995,-1.2761515632853704,0.44781972724691677,0.2862897837890079,5,0.37982857134139225,0.08159246433053936,2.5615424181429773,0.019895233441662174,0.8910400444719392,0.3541932947770472,0.9460343620055285,126,298,152,8,14,131,84,289,0.07170551820209323,0.0130668727660071,2.085300562130291,1.3082567202926172,0.2847520617434478,0.42869036633529406,1.1695725967268753,1.2472092674640356,0.3134391361253358,0.18985681286242265,0.5062588817280089,0.37442977670612154,137,60,63,0,0.5703475380505342
0.08949908116109438,0.17498957702253623,0.20337913523750112,0.3095909046769569,0.2225413019019113,-1.3776001057103184,0.21158935878562235,0.3041447204946687,15,0.3540009168253402,0.04454905940099149,2.860987572645307,0.015740669017262388,0.5083391589932108,0.32273735970308187,0.9770288782539263,98,156,189,1,15,122,84,242,0.03288528664543455,0.00899330111056344,2.4662391010766944,1.7636768173914328,0.23290808105805832,0.39140122747230854,1.1811391224155985,1.1002266507557261,0.3862248765900853,0.14786864947012596,0.5033481062454306,0.4146317119284309,182,49,10,0,0.6967885576282046
0.0184684957333095,0.39189049154595545,0.10536283775663187,0.3120973126761998,0.17218086228790327,-0.858589892614455,0.5731513229440449,0.3893100636566805,38,0.35568815939995835,0.08206741343337427,2.423908181387422,0.01666830300090217,0.6886103727210529,0.20383276459468458,0.8741216088382165,126,283,144,18,8,178,100,337,0.08783767800806143,0.03980294314458604,1.1751908176189496,1.909287699289988,0.29627168505240903,0.41674549216331436,1.227466164794574,1.13872796590224,0.25807983761589287,0.18208108348197555,0.5061770282953506,0.3129331765469058,228,69,21,1,0.6873015730001696
0.026170528542186513,0.20746063116237579,0.12937648102809407,0.6117460156116022,0.025246343655741355,-1.1989576022801776,0.21408940581931302,0.44522452479453245,37,0.38154572549909727,0.08701287615425277,2.867340308796972,0.03798554280412437,0.6650255215886911,0.06634158958301443,0.8726974574648072,27,207,176,45,10,151,58,370,0.07128179887227605,0.03984052896431472,2.5487336823861324,1.133890057763168,0.18765871542181745,0.4311119046737134,1.0855207030506615,1.1180569038328185,0.351390882359609,0.15963326710559195,0.5266983370870026,0.34523653935719545,230,45,63,0,0.7122372428469477
0.057624244677738835,0.23030140302256488,0.19764990695799167,0.4555525158871595,0.05887192945454502,-0.6085674879529474,0.49934229143543885,0.27815251738720953,32,0.13603180025858055,0.025881140265553795,1.6984805913813485,0.031246069784183192,0.3232827631246062,0.31744822725587246,0.925672384083524,113,362,130,15,23,234,75,362,0.054418807154639065,0.015568761464248744,2.0672106411870823,1.817776089539855,0.2850409247433401,0.4660066537861602,1.1205729988004072,1.0057239368879485,0.38838043325023336,0.19468254066272878,0.5241372504550543,0.3256467109707777,295,111,63,0,0.7197466431344103
0.06160367381210021,0.4406839259559851,0.37589817335651965,0.11197706655460501,0.00983716032079015,-1.2757691290575577,0.3289754816976596,0.4959407660998941,12,0.24964508272196737,0.023797046940123526,2.115205637039483,0.03834437951221758,0.4797674089180296,0.31002102149957905,0.9791252478552505,42,216,79,15,14,157,60,220,0.022370233997702264,0.03676694395571261,2.974248136678349,1.4449361413782458,0.2899328633903692,0.3690859113340532,1.2406505914114574,1.2038074114831083,0.2927015868101762,0.17987171993296164,0.5745240543271176,0.4349133812681718,130,91,63,0,0.7575514381205588
0.1899185791390605,0.3248956599414659,0.09711449797400616,0.3133380117948711,0.0747332511505963,-1.4620551180933488,0.25862019908962325,0.31112206752442306,17,0.5300621994119377,0.09414161864025843,2.838018793112046,0.040684650492299204,0.7707279292444373,0.26762295066833774,0.8849240448947073,72,192,98,1,15,243,79,208,0.08868841319671539,0.0012094901201505114,2.053813383461048,1.9481576472693898,0.1860858959575923,0.5499892236394681,1.4573519915041842,1.0855082739143465,0.4157359101527862,0.19599418700023782,0.5130499499187061,0.4276490613853746,288,46,10,1,0.6494591110784055
0.28177766194291104,0.045902939343250966,0.28928619252441556,0.32202178999874514,0.06101141619067728,-1.0296790433900065,0.2579771336154445,0.38319266226471305,34,0.4371619654561939,0.05064009129369616,2.3677129186313888,0.033083437452455206,0.5220632090304532,0.08445451985994107,0.9651267028927797,83,179,82,2,7,193,46,308,0.07291607425945376,0.004570972024023096,2.289965432949029,1.8706085682321785,0.2923341372042605,0.4439366311633226,1.5208673233967904,1.10754234114086,0.24515231966372772,0.1186550959668876,0.5108199796907734,0.28662202820240473,340,26,63,0,0.6560046386302241
0.4545598577294739,0.066212930117918,0.1219229629434024,0.2235163646741289,0.1337878845350768,-1.3572348096458604,0.5085927221217519,0.33566638675034677,40,0.46468154525539673,0.02805521805626908,2.0521611993415734,0.03726282354182185,0.7725393039284769,0.27992060517764394,0.92465311233038,21,375,182,35,7,148,113,175,0.0501781961531502,0.03720027061563102,1.3407812718974779,1.8704858843942493,0.27084821474561616,0.3589323681791272,1.0079054576643183,1.0196612943153558,0.33360006807473186,0.1302437355452022,0.5961721253234317,0.3685499672340232,351,61,10,1,0.7203907156317712
0.25013769962155286,0.6312424844563617,0.008564844835211626,0.06962160355903152,0.04043336752784229,-0.8341179708825069,0.5806482009543543,0.367442604609437,20,0.287799698609898,0.04328244505889733,2.402187617210637,0.043743905576369306,0.8798152284830562,0.24440023999973826,0.9447469027445929,27,315,66,29,26,195,86,167,0.050205957315451646,0.016781124965581203,2.705146386779132,1.1362956837048719,0.29485098256308934,0.4813125111393572,1.521150959256841,1.2631100207952177,0.3113545610946033,0.21106423690482135,0.5970221530572082,0.38009808558577257,338,55,10,0,0.6237553489059589
0.3244697201163195,0.0665017866664999,0.18028776088268134,0.17219535301788738,0.256545379316612,-1.227896449051855,0.35997735373406303,0.28329700009563763,22,0.25332056407685966,0.05191372948956091,2.0087442096313173,0.009991769170274167,0.5525991085444734,0.2830329113048867,0.8575943673873246,50,225,178,15,16,189,102,150,0.028477591290530152,0.03766524618468121,2.0961357547717627,1.5954031474944084,0.1993223166902924,0.32379349576132843,1.0505843577514724,1.013072110031897,0.30544396320145406,0.12907639303286933,0.642441643248925,0.2866839985159097,354,21,21,0,0.7395821289863167
0.0024486297403515183,0.47031019998937784,0.05352191980486804,0.2717328988967872,0.2019863515686154,-0.6786817237781793,0.2762983605649689,0.2736324429020426,27,0.4860508266573803,0.02605476789372089,3.1802212494256423,0.02739015528572729,0.7676961132950458,0.3040059956245645,0.8915179913280874,114,162,172,6,6,219,120,346,0.06653799302661115,0.01878196536355881,2.272132180708582,1.9304255446044052,0.26712024223931186,0.4344187330595561,1.4124519480459687,1.1105039438735218,0.2656803563965127,0.11632961075351253,0.5109297022324597,0.4242216581831263,139,114,21,1,0.7187747559479442
0.021482737644027142,0.43202889169988584,0.49620223856537665,0.035820926417545265,0.014465205673164862,-0.6475927711842723,0.27145178222212685,0.4404413385317151,29,0.18104147201183415,0.08468881670993234,2.8943496560244517,0.008138833537608471,0.5692278789481234,0.27957001203421955,0.8735952127040126,49,195,153,9,20,110,65,367,0.035350455293251884,0.021948895669713805,1.3582011486724297,1.2717387776390314,0.2865700423109808,0.36350818011997876,1.0432730481413952,1.2519976235373234,0.3317267244866147,0.15355288874345902,0.6382128047980345,0.3377167840267692,187,103,21,0,0.6987549292677775
0.18770470167119585,0.635646410824537,0.1263016003535309,0.02536161166484673,0.02498567548588938,-0.5451412996954839,0.3299463786093377,0.4016992205896306,15,0.46294966885014394,0.05028619498097003,2.838113427554503,0.016533657671608276,0.45467450279283467,0.07583539567547463,0.9560141344922278,85,320,73,20,19,109,88,237,0.05505263897614719,0.03317876186435697,2.4850435921538616,1.3454025553257978,0.28852104447431043,0.5186785338957314,1.4895219577394134,1.0661230288710892,0.3119473410962654,0.21962121789630512,0.5722986782976053,0.3191913517786675,194,56,21,0,0.6048991790460427
0.022504777058261996,0.26809744147804454,0.26741462176596575,0.22770760882201588,0.2142755508757118,-1.4650478919216805,0.2926863709480103,0.30104008391967474,18,0.3002227460230885,0.02535636804069152,2.107132818688483,0.037717200131272444,0.5996648578878897,0.3649702825912748,0.9028602002957141,95,283,139,45,42,156,51,244,0.049134614021482885,0.021122176926723767,1.550641139422467,1.7214191318979293,0.2061641081504334,0.3352799480498329,1.0758743862785283,1.0470019601343168,0.3293099566930594,0.19279120489070717,0.5405308329859095,0.306377779743923,267,32,63,1,0.6343839081221292
0.037815526956631054,0.00913778744923966,0.24445636656452366,0.05756879381953183,0.6510215252100738,-0.5465642469002504,0.21261802116270712,0.42081791744528335,7,0.28394719466358725,0.02899908008839164,1.7890842647213605,0.03501720907639234,0.49257612416370994,0.2721236021005513,0.9252730629965041,81,192,155,17,31,204,61,206,0.05571363270351305,0.010329766613759457,2.4905153730489547,1.5623521692620126,0.25015810660187526,0.48919916843825034,1.4300660936879697,1.1429963545611663,0.3872551654667621,0.19230797597360796,0.6099040625497252,0.29496508619219153,163,57,63,0,0.7322036217314924
0.02419234109279719,0.4610148887467912,0.05526897579025073,0.4540742704049007,0.0054495239652602835,-0.5314783020711996,0.26892440275684654,0.3877338720235848,25,0.5153241465545523,0.037128000302915895,2.854110837568178,0.015008683632474148,0.3974959634614705,0.3506727666051022,0.9532535340204364,52,359,144,3,39,130,71,145,0.025014953645681796,0.01966801763346742,2.644654995608383,1.8193614504378532,0.18124903325292135,0.39391646946883063,1.1927247173035498,1.288101372997873,0.2905693610148399,0.1921197002006954,0.49248280003588607,0.3124575762359084,292,90,10,1,0.6663962966333632
0.22102863296754752,0.1602989391587876,0.08083735804611493,0.4466724375396896,0.09116263228786049,-0.8687045424139481,0.3318780080554014,0.29785509594841153,13,0.3598108984145326,0.02764036977104575,2.3737695005010906,0.011541919409340204,0.8861439745637688,0.1496841424908443,0.9120487557154943,121,155,105,24,9,249,115,141,0.08433486700191899,0.03437335872777219,2.208666732868288,1.5804007567252767,0.2639942379061263,0.40930098349121297,1.4353272003965043,1.0400770718112053,0.3454368563302956,0.18422871385225245,0.4860502650582788,0.287121456317637,304,65,21,1,0.753229106273358
0.09260736084457484,0.1070735716567177,0.43747287524770323,0.3330213360086068,0.02982485624239757,-1.3208036247325359,0.3747615011478963,0.29492988386045915,32,0.12490563529999409,0.08616887276159496,2.552023944984011,0.008255753614706977,0.4767775789979718,0.16191082923676825,0.9063404598703878,116,363,121,42,16,116,29,305,0.05171861136240186,0.010162141390313066,1.1335659584707143,1.6243645552686181,0.2961351872285934,0.3273932765436934,1.5471884291821232,1.2560285770833328,0.2989126042918739,0.1859899937754131,0.5942572562950246,0.3912857802961248,366,87,63,1,0.6341426504387182
0.6091696292311691,0.030136208285313902,0.14368848536791118,0.20536871725252728,0.011636959863078632,-0.893118482206699,0.5189283655363975,0.47498134050120067,20,0.3448990486111869,0.05958852447603654,2.0295805901705357,0.015302820257896421,0.7136677623023885,0.3593264208212625,0.9734179467838104,90,216,181,51,15,130,47,178,0.08285403287596335,0.022385402641215767,1.6652204374994137,1.6492718345002095,0.2791092786735597,0.4869525882826748,1.1143828600816166,1.1682917874816108,0.2432978033660648,0.1334868960004886,0.5678452997717378,0.382755191472748,146,114,10,1,0.7836801525362513
0.15499573906545358,0.052261502320696936,0.6087515574697335,0.05503125483212323,0.12895994631199273,-1.3209237522949298,0.5032781132160963,0.2677139637171079,29,0.19057612939572494,0.08664316730407308,3.0318045087443495,0.020006285747672107,0.3950350998242276,0.21946767715076,0.8852182742595351,81,235,63,9,23,239,35,334,0.08896626658263136,0.01391113079138472,1.8661403868432551,1.6851799858628556,0.29016425184338973,0.34921021991142714,1.0821166591287572,1.0201542959963088,0.24883250165185994,0.12613794529213132,0.5170378949269723,0.35151929085370126,277,93,21,1,0.8068231635512702
0.12186087827664144,0.12059366990324107,0.037644294577942404,0.6641134487865146,0.05578770845566051,-1.347606956029612,0.5570187628241751,0.4784992651449738,37,0.20120338974343738,0.04535328957251857,3.379759067623808,0.004439973246776813,0.7333045687732663,0.0626581344220328,0.9342483559109751,66,305,166,52,27,247,22,149,0.05431748026587815,0.030463160231299566,1.252922511017036,1.384352079015763,0.29485016130136354,0.3220044641152192,1.586610661515799,1.0567117257681262,0.2739213342306327,0.2024635755341092,0.6443189360774894,0.39828976516184206,143,48,10,0,0.6429823244434325
0.1161967751969585,0.21842626408156657,0.11354967118284329,0.5208484685006055,0.030978821038026162,-1.2437097770109622,0.3244801764183402,0.465625020083094,11,0.5362370441651014,0.03649935970348379,2.866191255272839,0.03495525454102997,0.4090748439846874,0.25162868560696827,0.9370634387394743,119,239,155,20,38,149,52,312,0.0825920519917621,0.023905794552934442,1.1841117457467267,1.736159064662228,0.22523545694629987,0.5318668969190719,1.2745693159483442,1.1817330740996899,0.34760764398147476,0.20729533902563194,0.5894553548715563,0.3682447945205527,226,83,21,1,0.7259436308132166
0.2881198991506821,0.17571185435520167,0.15644285275417247,0.181651172045984,0.19807422169395975,-0.5408015016761143,0.527030593167004,0.42725176395791675,31,0.17764603750207153,0.024858239458670956,1.7426271328859935,0.034305071280836416,0.33284815757592595,0.12853929199380654,0.9335060458956438,83,265,114,5,5,173,121,271,0.020786512364893175,0.023266651536421056,2.847033511484154,1.1132962546133252,0.23764763576541179,0.4062564835096581,1.5979726845868996,1.021032305023584,0.2520432625103423,0.15292025861632128,0.5497130906205153,0.34271029335204467,345,75,21,0,0.7529744406855018
0.14113326313413357,0.09352062681483089,0.6553367553213418,0.008480659111228863,0.10152869561846486,-1.2764643364513923,0.4499620895717671,0.38540193992347915,15,0.2288595300467745,0.051205095834233536,2.5453466543276653,0.028230346947528764,0.8404567786541683,0.25189553675626214,0.9652306474683056,90,284,158,29,37,121,39,298,0.0896612468703926,0.008672832554289474,2.6206518335241222,1.6079157782092797,0.18924461618831917,0.3743968902257969,1.2924142334562596,1.0360800010081157,0.25519296338010494,0.1452474616669747,0.6433655482333568,0.3216289459912007,188,124,63,0,0.6471169343132043
0.17205669175180785,0.31158265188619827,0.23380698960771062,0.22735335622036174,0.05520031053392163,-0.8560158260222188,0.5250348295372994,0.44437176830662617,15,0.356134900474781,0.09482139617292978,2.0981645985802944,0.006855290145761032,0.8557190187139709,0.2795823483630954,0.9518182082840311,34,292,144,25,9,120,117,221,0.07900113252008384,0.019921717182273466,1.737438466584087,1.2266210711975583,0.2886725434589007,0.5126487741764599,1.0877524551107904,1.292479497699159,0.2751198970267885,0.21600237621986812,0.5779992321823134,0.36221311218591323,181,109,63,1,0.7643900777493327
0.28849366508248675,0.17080961114419657,0.11379858860267567,0.07944345655493852,0.34745467861570245,-0.8080842087352791,0.4321660189933088,0.3958649751808746,35,0.18835859415122913,0.08830093417221879,2.819126909648797,0.004497739999477913,0.619859544121086,0.12707661099968784,0.9093587428943443,124,325,142,2,39,213,32,228,0.02677701248360373,0.004106069727336386,2.9434329249800504,1.4183398272643586,0.21251889635903579,0.49590183014456146,1.0023894004715725,1.2868625127412117,0.3389347068044044,0.10848997775251054,0.5680904944444757,0.41607223030151114,307,77,63,0,0.6982097532079341
0.2087576287119192,0.06757627100298334,0.0036121326529333603,0.18369119599897846,0.5363627716331856,-1.3905876274667792,0.3613358525883271,0.42918756323632856,36,0.3521627276262629,0.03088579817726931,1.6557075375819745,0.032596421303681226,0.4916678692141504,0.2807400930784627,0.9317322708842092,41,168,171,46,9,220,72,176,0.07551459257971879,0.01873540907865661,2.3863993763825073,1.8807837530986453,0.2593061893652311,0.3574191349916436,1.1979815957593845,1.2416807562414423,0.3012140508356308,0.17338109451205883,0.548415937191612,0.3879154118345329,139,81,63,1,0.718731894880401
0.2964623056395578,0.10122417239451952,0.42882431540128313,0.11673633008076009,0.05675287648387947,-0.5646069390286108,0.4753430731507556,0.2619986689768894,28,0.4784666869618399,0.04649090888235058,1.7560642407136435,0.04353168899259298,0.5257557425450949,0.09794214990667598,0.959952515862266,125,298,107,5,12,104,37,359,0.08707727507180175,0.036449811260044256,2.6398020716316157,1.0542822760185602,0.2901421483164063,0.3921779578153569,1.2307578670867412,1.0555741233680929,0.2899598322850261,0.10363573928558056,0.6400871887619112,0.2910872201384252,159,126,21,0,0.784963530599795
0.08628196668376555,0.012302355270969288,0.5241986472482073,0.16240594449372128,0.21481108630333648,-0.650595671307841,0.4876466066258838,0.2971736892421979,23,0.24544070113430524,0.09003040074176151,1.6133976112764634,0.002710926822232089,0.35969517448552946,0.11675678195801269,0.9696610277687525,108,155,98,25,5,192,80,278,0.036038591562976195,0.028684709963250753,1.838664091438657,1.000868358436139,0.2228348692152215,0.40813504007576995,1.1633863855691973,1.0498583742184548,0.32499914689935017,0.20617574445996228,0.49677723249340694,0.42339854344062716,258,28,10,1,0.7594699748303989
0.10116423276790536,0.2571131845192652,0.029015116762097847,0.19519723632763536,0.4175102296230963,-1.1957478355062743,0.5300403168839908,0.30860051188316917,27,0.3149861811141757,0.026471834466227334,2.372384134172994,0.042396901634642076,0.3978682714013293,0.2199669080949602,0.8581538310418206,110,316,63,12,24,216,119,285,0.0874172234538578,0.008432132800035373,2.41720857742402,1.6122159363474138,0.1894623067647658,0.4398464711738392,1.5781668095471764,1.250972464567561,0.30156036100427286,0.17394777612883225,0.5235315688955068,0.40461246339162565,231,98,63,0,0.6520570863175568
0.2718993055082657,0.4221479044366531,0.04853537312499742,0.18312728902423525,0.0742901279058486,-1.3906136333972805,0.4869995593959875,0.43719127523309725,34,0.5003643912948735,0.03274502905744872,2.563843132182715,0.004816471746959832,0.7850363053785027,0.12715216697369136,0.8651217002939542,87,210,166,47,24,191,91,276,0.0734240416706188,0.039143942194711574,2.6493484013857165,1.8976715842380538,0.19930652128071072,0.33631770594808746,1.5272951319048909,1.1287032179865237,0.39156529540865936,0.203990345432756,0.5955849864697077,0.34965220881566705,331,72,63,1,0.7701525525143462
0.24043318648115786,0.04299699698284062,0.0501244332059667,0.05629205824174954,0.6101533250882851,-1.14983696838797,0.32888688361804796,0.2696096203231236,24,0.5036449132406651,0.09303767865915172,2.009066992219208,0.012431632575798185,0.3699708080687961,0.29179325589600047,0.9335725171289591,56,237,70,42,31,224,50,140,0.023818425689387905,0.02667889676477206,1.6420419715946628,1.881118233220826,0.20119552898434895,0.39347438420402925,1.0732378995913274,1.2564561306681805,0.3987266010730267,0.17606046622720087,0.6466850325999608,0.3918415851634158,239,43,63,0,0.7640490402609452
0.32131526851373315,0.1563674848270127,0.12142306032276795,0.2695172787485927,0.13137690758789333,-0.4802638710883365,0.4684385685334789,0.2790660246275982,16,0.4706410772280996,0.04584860727596902,3.0197668465376895,0.00423654090379208,0.538546765872659,0.31128835648050873,0.9384209884078777,41,336,162,40,33,167,88,373,0.0642461241731548,0.011585947244926089,2.3326597765182004,1.4151845429938004,0.2219190423373377,0.48907496462045763,1.4071472866570232,1.017059419844079,0.40820219900704136,0.11024551467348247,0.5973543483447528,0.32302489030554665,371,61,21,0,0.7263822919236177
0.32778104531654234,0.17913808387240454,0.22742636695356355,0.1921578846610789,0.07349661919641061,-0.8843504520439762,0.5757343671847726,0.3474346224056387,26,0.12273982270630909,0.054008685084210674,2.0216527340342925,0.02491874611432136,0.3915756613516742,0.3890741673379216,0.9611749979710119,67,160,160,49,11,110,112,128,0.07779485604440775,0.0010670071044218243,2.3518738293099757,1.447398393325884,0.21141360392101868,0.4024958803889098,1.1050665171975034,1.0405666329460315,0.3115578392335087,0.1545752634298726,0.49189121856651247,0.2835053916183484,346,35,21,1,0.7684351413008401
0.2837110261924348,0.21274440618979976,0.08796609900955855,0.15034193709731547,0.26523653151089144,-1.3394891212317583,0.5598130301642292,0.2685704567348155,31,0.2642114412479908,0.07949517156483103,3.4537277553821104,0.02244808389355638,0.8454872976516999,0.36433572911448625,0.9513949623449136,68,194,109,46,6,183,101,318,0.05366813701098427,0.02619269357750193,1.0907085838358566,1.582277880672496,0.2919704832819896,0.4701027256281451,1.5693739625211987,1.2367651715871304,0.3008548127586735,0.15304005970158713,0.5750327621234359,0.3497173918156473,166,95,63,1,0.81125401497021
0.052616688171194054,0.029316594534516446,0.2860500226401189,0.4890004633264059,0.14301623132776478,-1.0773652116278642,0.5480213512658477,0.3420834948699899,38,0.4519685962996093,0.07880285777422237,3.0500115381378348,0.027035923410409578,0.6470828689692893,0.3458010712165106,0.9075028221200645,107,239,91,9,17,116,98,319,0.06649446512531237,0.006654671665273497,1.5975559014185101,1.6463323329157764,0.220097602858695,0.42353800143698167,1.274422724720395,1.1279554445443625,0.2776324642282916,0.14167463547319045,0.6062745462424911,0.4016822042070079,236,117,10,1,0.6564373645320872
0.1676578296177241,0.3236913879065773,0.2084255988796952,0.07891838041415097,0.22130680318185225,-1.150075609772134,0.38173017610680204,0.41964400262993884,31,0.24529851955695423,0.03539737240030993,2.311463506569332,0.016951753423796984,0.5279725509769799,0.3567728081457679,0.9625172747200804,102,291,67,46,18,228,49,160,0.0897231947559936,0.022821953648666217,1.2427163275645647,1.0629743499171722,0.23816617406023008,0.45703858475305026,1.050888655805412,1.197351977742132,0.2457128473445128,0.19562210882921688,0.4687418025699998,0.39875759113450737,359,74,63,1,0.7806903437709841
0.09162552652408998,0.3138883500028186,0.008770742478378795,0.11266074671808715,0.47305463427662536,-0.5410176469459179,0.36322426545191416,0.28814293973743144,13,0.1766083735180802,0.03724298462199303,1.9769014643047145,0.04384173954038402,0.891589680996314,0.22286035962955608,0.9662324451425912,53,365,175,10,33,133,87,332,0.03793850356424324,0.012106640281738029,1.8863274233141083,1.330472510540837,0.21160403692791072,0.33036449039948906,1.3675194560632666,1.1873858709917855,0.3199945549509918,0.15647158080063778,0.5284322427338203,0.4242722837685771,299,38,63,0,0.6740494024511757
0.4185267887560228,0.10066539829927779,0.12546646801667852,0.2050868475555511,0.15025449737246976,-0.6881502858026397,0.5559585174222085,0.30065098111469946,26,0.13495912893083703,0.09601637142806062,3.111637025100255,0.03984777556548498,0.5248158610119633,0.14064851807457204,0.8869792867589217,107,343,99,51,33,149,71,142,0.04197311501195112,0.00023626660985155647,1.0861602762083595,1.835785434642511,0.24961789962371592,0.5204731720189069,1.1162580925422585,1.1088732503833412,0.3745923583387482,0.16126169587310749,0.5904755147865461,0.41348349960383424,350,90,10,0,0.6944521879555127
0.11059984681945799,0.10468720301227334,0.6148203045751179,0.1307946469508401,0.0390979986423108,-1.2015967781069616,0.5955984169608225,0.33900988458396075,8,0.5084051676591494,0.06936950237378914,2.7448477157592492,0.0026696823059161254,0.34259997406208814,0.30433611154567686,0.9460842782753439,48,218,86,36,30,236,58,155,0.05215509692614198,0.035210151123160276,1.21246387739791,1.3207544561911724,0.2673487494158925,0.5254291050694936,1.4699152624093634,1.0082989724697817,0.31492945758464097,0.1197442444392618,0.4702188849950927,0.34279801273489297,316,55,21,1,0.6791764981969951
0.41529754793876766,0.059904990769952364,0.32302153087431523,0.1797785251058781,0.02199740531108666,-0.7041769904329372,0.26052115686162763,0.2535707848371158,8,0.26129563923015114,0.058043321325346175,3.454670760041972,0.04316899095471378,0.39550805550746143,0.29138677283683917,0.8513293468937495,21,313,149,7,42,112,84,172,0.06463708636686338,0.0003054811634736154,1.5650819757972398,1.4406074630306849,0.24261075470642737,0.445485640215008,1.4030526376167338,1.1337299699146828,0.2906891354560956,0.18365831010409064,0.4704181009509872,0.29052094877535606,300,109,21,1,0.601894047575898
0.10637995218816203,0.11512836765599645,0.4866965958870456,0.2855506776546787,0.006244406614117192,-1.230432335659314,0.3741601319538148,0.3102625406369922,18,0.3002683519355805,0.05876840087536837,1.7264651757483684,0.0165933240360892,0.604687993850492,0.2102432523156779,0.9311606696394027,29,231,117,18,32,168,90,333,0.0848552949243502,0.022053115826007136,2.518627931565022,1.4815926667783095,0.2650183259826905,0.4256618788109593,1.303368158119691,1.2130690117502247,0.401704003220896,0.13816743911506205,0.644690559661656,0.37518390099468707,285,23,21,0,0.737610595737124
0.11769330925191199,0.05519415306480912,0.1604344388501154,0.42834601291606544,0.23833208591709806,-0.8890361633197402,0.573931959266908,0.26861080167040996,30,0.5497333630714594,0.09670059787738547,1.5731772614749435,0.020576879894873112,0.6007857553849122,0.08757579276837123,0.8633619906686164,57,196,78,18,8,168,37,175,0.07760228834541863,0.0062325940838849235,2.3865426526799367,1.7921426764117294,0.2945976995789144,0.36787139610339015,1.3727468381537038,1.0216109925401466,0.258615758429094,0.19572621245670394,0.62229033115314,0.43469065174837196,190,115,63,0,0.7304246792755816
0.1780599979087291,0.36021539440493566,0.19540982101682056,0.2142792668467014,0.052035519822813237,-0.9679917937120042,0.35487425736358513,0.4661305047540867,16,0.3774031211390926,0.06365992627270031,2.0319959544805366,0.026068090382589282,0.6098129921924074,0.2063189244620676,0.8980035189337128,23,278,140,25,36,102,67,168,0.02470201697074171,0.017645092170964227,2.9101051305086165,1.9298581071167882,0.22888233060855775,0.54322564071546,1.135646658775872,1.1153695183968506,0.40172700919768106,0.1607290348310683,0.5077313978209844,0.378881916798763,237,40,21,1,0.721279816951411
0.09688049409009417,0.19087038866383155,0.08922871150537168,0.25171611069441513,0.3713042950462875,-0.6686950109179897,0.28418162251666235,0.33168190775246453,20,0.42156288011008297,0.09938690256650975,2.8209697015264092,0.03207283324482384,0.4137463267262368,0.20049268691648642,0.9019117959533623,45,293,159,23,5,143,82,281,0.06904971331922842,0.02876756417731207,1.2800585615478839,1.4203765281603111,0.2761484136681082,0.40967301921264343,1.0010567372161492,1.2839056005084146,0.2761481944304325,0.1656299883909172,0.48017284436556645,0.4096262669749151,250,56,10,1,0.6831959701562585
0.10527002620505967,0.07318184137703955,0.26097218643963727,0.5086399469840647,0.05193599899419878,-1.3650381183326719,0.3784497798762566,0.3048019201964969,6,0.4951946769134763,0.027048245529196234,3.287621739076057,0.001961676896983057,0.4398703112923952,0.054844757033961355,0.8649998400978866,32,234,164,18,34,121,37,177,0.046284318484357434,0.0014778216295560486,2.8511754004335508,1.7993276267743255,0.18470635209503486,0.3915832250445038,1.1571008015294129,1.2035680145852043,0.37544617170574024,0.10731783905021079,0.5858014174580934,0.28087263977206123,334,31,10,0,0.4377702896975777
0.06939464954077093,0.08716131446960174,0.23415217813401112,0.10169920621011665,0.5075926516454996,-1.3979458695725178,0.4099886818956065,0.2531126755169969,34,0.3652678456121956,0.05660729596916644,2.1184396688867957,0.027860492007739327,0.35070355392542885,0.31769738236207584,0.9711486502942538,111,284,162,31,5,161,106,161,0.08810932693234387,0.0011322191208899168,1.3399451795736284,1.4310305693926266,0.21778785390814168,0.36574329587727417,1.410111049069485,1.075689809683536,0.3213872294078539,0.1849945357212303,0.6088768296293227,0.43339256221854133,359,49,10,0,0.572831028485243
0.14126381646617894,0.04447086654692389,0.07832961724616301,0.07817883370740329,0.657756866033331,-0.9954179839709207,0.5581995879762472,0.42630557707189487,15,0.1477063882516848,0.0465718659999028,2.082820952433447,0.022632061023203115,0.6167581804292659,0.14451555014296716,0.9253842055488495,65,179,71,47,19,210,30,194,0.030947906762677512,0.02702831579986402,1.946627711364942,1.788887572760966,0.29144000101838813,0.34437040888471515,1.136648549672125,1.1432690928622387,0.3017339498659556,0.21897055407885305,0.5365536149328369,0.3832410803365731,151,23,63,1,0.7191178831253675
0.1288789727207126,0.26451296007719205,0.2993908046942187,0.2096873687862346,0.09752989372164199,-0.5298155256248225,0.33308658292064586,0.332227842852591,23,0.26520985889852394,0.05862370575726276,2.43922168366559,0.006730457202806674,0.3916736570232664,0.25835768426232425,0.8693004335607173,40,257,175,43,36,244,78,289,0.06654585090272676,0.02069563863756573,1.8661579689800847,1.7219642655074454,0.21250329883377872,0.455983321648892,1.525224875497375,1.07984837468173,0.24261874334590364,0.17135244215525047,0.5071347232534795,0.29205074955119936,172,77,10,1,0.7363134000060224
0.03169012269929419,0.28965095584519873,0.5951606057325535,0.02369358177977459,0.059804733943178916,-1.3903224281595223,0.2125783476624518,0.4639633466630816,20,0.4378444435303636,0.03825181059996153,2.25180725466116,0.043049299377998396,0.5049410103766956,0.10015120167922385,0.9316280702079186,44,374,101,21,28,225,68,311,0.06381629429878881,0.008761064606596772,1.2313331043058457,1.7043770393070021,0.2599529983164914,0.5312932899983778,1.1074294674264744,1.068134063036544,0.4084388378181917,0.14411344849350394,0.5925815337238686,0.4231088435153995,240,78,63,0,0.7336975608488276
0.23877217213264898,0.17405827580403668,0.41518309172681767,0.0898311061102317,0.08215535422626496,-1.1229123667421301,0.2746012558517802,0.38169154587543896,34,0.36551873541097807,0.08405538026538278,2.472619412773931,0.004160050306769355,0.3807559293245507,0.07551857622652082,0.9472477628840661,111,180,115,28,17,146,119,355,0.05482513806632589,0.0030857063397477934,2.6234705438503125,1.1152881447908305,0.25865033868957704,0.3970506724179299,1.2423071868892457,1.220597868248289,0.3857607547186952,0.1116228484358575,0.5864962770804517,0.36755210850055137,266,117,21,1,0.7919049482576419
0.24616768525553676,0.27467868703801296,0.02089565762521666,0.012899530957874345,0.4453584391233593,-0.6893390917327498,0.2669287689044774,0.35111998804917627,14,0.4378058302058916,0.07002283294432865,2.1745187822863956,0.02114789015115373,0.8458471186042131,0.28959011491146475,0.9366524929343795,58,248,71,1,28,135,83,257,0.032446835714859734,0.024197450404548394,2.9323166778294363,1.6202627326176353,0.24885248621235864,0.4616002201073852,1.2612352544308618,1.0983863256805715,0.3638271002304815,0.1527762705596632,0.48055001276939213,0.30681839777590786,243,63,21,1,0.5341053361996977
0.002684757425248468,0.1266163420648994,0.3966460845957708,0.13231615120911305,0.3417366647049682,-0.7691525245733362,0.5015912324777366,0.2598614575216274,36,0.4340050771698213,0.036643516400967205,2.5596246215450047,0.028235348469553428,0.5687900354261161,0.23242932898480556,0.851935046565918,58,304,76,34,20,236,53,326,0.06536245405114803,0.03110622950359919,1.5151899486159968,1.7902687329909959,0.2960966345486309,0.35235811642601794,1.4854966326822883,1.0587832484023931,0.24152778404642128,0.15530923811214647,0.6435181142255049,0.4204589953828904,250,121,21,0,0.6516180322070338
0.33770294353959807,0.464009352816703,0.0422906785765026,0.10995010409756255,0.04604692096963366,-0.7660958776160373,0.431864044869354,0.4471527947338264,10,0.22959310703421423,0.05892730933807942,1.5487789486192471,0.03097342924604132,0.5436577749737194,0.11644254346642559,0.8926182571428718,109,359,179,9,34,182,81,176,0.08671908791593651,0.004401481476833147,1.0412182816031037,1.11941418352839,0.2960713202885332,0.4014876421166778,1.492236623756616,1.0335414229541235,0.28735228983673167,0.19979029035221277,0.54268086355016,0.29958558469135166,137,100,10,1,0.7139835459075539
0.1142556987372178,0.48395590865014454,0.3399400005627063,0.03610592430586406,0.025742467744067136,-0.8021974993571906,0.3893302226004025,0.36414412140644226,28,0.4738922778767903,0.0731652727023313,3.4186395093829445,0.0389600307893361,0.7892213073909299,0.38209913353017827,0.8625396288267703,90,173,159,18,25,155,121,225,0.06870943487434517,0.023788754022238866,1.733061944972241,1.7814153290421386,0.27968501152820163,0.4897924346304811,1.3993099579085175,1.026950094179961,0.32440832724505125,0.18297720559313507,0.6034230409452264,0.42478369316214626,199,38,10,1,0.672384507709632
0.35417974135817465,0.12361454596571268,0.03218769398752198,0.02550592586459929,0.46451209282399125,-1.3272555689249537,0.3778578697407899,0.3562466991480066,19,0.2837811843533964,0.05407264393541403,2.6963776993629796,0.03329922132439439,0.8248477357619134,0.22670640472026285,0.972453141320428,98,158,148,5,21,102,97,190,0.055893907258573114,0.0388222399156117,1.5911821261212644,1.1060055607950576,0.2031393730332881,0.3402008400084236,1.1130185067390619,1.0674933075456576,0.279605507486633,0.15468816674114422,0.4676368541336616,0.3138486351835617,277,21,10,1,0.5998886181656168
0.1619460670853047,0.6243722129442882,0.02781650001809999,0.0903091863026351,0.09555603364967206,-0.7559190456256676,0.3723048384708022,0.385682731979078,13,0.1881657136155447,0.09256866162901509,2.704504715369179,0.005162026153383284,0.5921074370488868,0.3844009323175837,0.8657128762073191,110,378,65,26,6,102,105,369,0.048996341302154016,0.0205222278960448,1.6684675496283137,1.1988052221825767,0.24100286975204724,0.46597251288877434,1.168137911086156,1.245864740918202,0.3360101942142754,0.11459189582347395,0.586044461668996,0.3383252374868026,192,79,21,0,0.7016049937164858
0.0272430134452933,0.10324557787676622,0.55070183718959,0.17102707523593955,0.1477824962524111,-1.1650294254452938,0.25996016789706505,0.2668255788120186,33,0.23712082399124704,0.0428055330147666,2.815518481570604,0.028402509861645275,0.5215128539582962,0.2697796143046643,0.8833321078254457,62,254,177,17,38,111,73,211,0.07903192714856278,0.027984919975250638,1.372007198472927,1.8973914296910146,0.2646954023636931,0.5415392257090317,1.1195029173164954,1.173434656891033,0.36230101098728257,0.1021698403721822,0.5387537145236599,0.4076752852166194,171,111,21,0,0.7591718463838119
0.11612450760043909,0.14963363888193928,0.24903038420042503,0.12379366903897221,0.36141780027822434,-0.8039177681557603,0.27259052477305995,0.4414069811201462,39,0.472496786309789,0.037425941609981646,2.505175270894677,0.0011861165177196186,0.48419391266049483,0.13675868081806203,0.9753801482896876,34,329,154,14,36,102,102,297,0.059314989045087044,0.01306829468588365,1.7379483185892721,1.120811607732873,0.26889595796248666,0.38948978385445043,1.1129144407029206,1.0070628628245732,0.37350903364192145,0.20477717393865663,0.4805655982264321,0.32139817661046194,147,97,21,1,0.5528362731767
0.20068505384619323,0.5746116851734224,0.08730272618964181,0.07013404151506848,0.06726649327567405,-0.6657988128737502,0.24744011554164871,0.38188877285791156,30,0.2504851367217516,0.03989222763213248,3.306315373060084,0.04113242699333999,0.37888540198601395,0.3427778926030664,0.9477679830396764,75,237,148,19,9,155,112,350,0.04962883677546939,0.02024044455727197,2.2583168181769993,1.139859482915281,0.18192808451328973,0.4885487218663674,1.236864412895514,1.2384792707690604,0.3913247760687127,0.11061729702068299,0.5085527714678936,0.3346120526681067,149,115,10,0,0.6735843128129299
0.3899327495406802,0.12535429281274857,0.27002456248085294,0.020991930987528856,0.19369646417818948,-0.6418240243350907,0.5267791306742908,0.365572943981588,28,0.14369848944979802,0.07162796513304369,2.2444665970142763,0.009777245640147975,0.8363898007796927,0.062494890043893976,0.9015903068339866,98,209,128,34,42,224,88,189,0.060587666475093865,0.03166093759755738,2.397443917205633,1.551439447331426,0.2140191013686866,0.4129357608772042,1.5276780904127991,1.0156779476953723,0.3349393618635425,0.13102832208372917,0.4982230618359252,0.3120152254714919,163,31,10,1,0.7934859144018878
0.30641847402232386,0.010016792465044019,0.2781752972136757,0.27926188754956793,0.1261275487493885,-1.1408874371095659,0.37068659975280965,0.46757916699835905,36,0.4769299431818955,0.030829672810901175,3.0904913515177115,0.028536892081534315,0.8852626933194575,0.2822158984882069,0.9028054203934087,81,257,118,49,22,103,47,366,0.0533615372062939,0.00416909282765535,2.7999926152895664,1.832394750412692,0.21551682460022104,0.42524395266651477,1.1859927180574925,1.1003329421400339,0.36415491499616254,0.20049095785427584,0.4947058302241712,0.30966322203131474,296,40,63,1,0.6788485141068672
0.027953011405011084,0.6253240982102143,0.08918916008637907,0.23220009383156426,0.02533363646683131,-1.2637480117832678,0.524253834622716,0.4146532114046515,38,0.27462572006279407,0.04551197697019714,1.5998736667192877,0.017475476870203545,0.7984120191213895,0.14464430910184692,0.8790414570670785,88,372,63,39,32,173,35,334,0.024787642149810343,0.024184062196225126,1.2926790703188955,1.6643155373615137,0.25222891837514644,0.5348666898194091,1.2063638346197207,1.1567800259889756,0.40664374249886165,0.1730472791929364,0.5971940649372205,0.3036763391383524,168,106,63,0,0.6958915450387428
0.20847471269477627,0.07391260518963978,0.09668334084290608,0.37316378236290604,0.2477655589097719,-0.6334043196264125,0.38498772721444896,0.38144631068404455,20,0.36149421385648994,0.05008450310478103,2.3157972815043544,0.0025436062556032425,0.7524050474439773,0.3506103132775604,0.9722354328275292,44,152,153,35,7,104,108,295,0.08539548257864225,0.02038291014495157,1.2308105007419303,1.5949341628544063,0.282413347945896,0.4567803056479609,1.3602172456572916,1.148839011555935,0.2791088900633253,0.15451074474393872,0.5873867193522568,0.2808573876722523,194,34,10,1,0.7770743168238511
0.16212243714955302,0.1614901264985255,0.1209436596334518,0.08908847231457043,0.4663553044038994,-0.9131443247362494,0.3657139805234666,0.40065843436657095,39,0.3599542177257159,0.028453522383130283,1.9496541022068068,0.016161646043012883,0.4543094723285827,0.16853985173181715,0.9116132781964905,35,338,146,39,9,165,86,212,0.03657323084452526,0.0049505397506627745,1.9444853710648646,1.01709715328805,0.20280509998633722,0.396791523310398,1.589310546839058,1.1339816837171033,0.3242202341603253,0.2053757629718993,0.565632155780544,0.38297913113874116,211,98,21,1,0.5905671562763263
0.14711034340261192,0.03913156744061749,0.2828859455469666,0.04512826400878669,0.4857438796010174,-1.2135139572668552,0.20068939672686367,0.42161362460050733,9,0.1321127511147877,0.0639955022464248,2.344077579669752,0.03848062682683659,0.5364972491774925,0.09926860487279679,0.9024974971027877,92,256,101,4,39,134,62,172,0.03498183339820023,0.032019688154914315,1.6092838202578659,1.6849902455278016,0.1820781925968528,0.549339738753056,1.5167378414849502,1.129866166744736,0.2530108563820732,0.15640110809787852,0.5875536371273585,0.3277912039733283,221,21,21,0,0.5027826940630339
0.13495909224521652,0.0313339061933559,0.2812188820045719,0.1112171959202676,0.44127092363658804,-0.6434913408913355,0.5033613968997401,0.467464077728835,34,0.40918553912160377,0.09708651863590921,2.873856709044799,0.04496703699677911,0.8699298010484346,0.17483198214193774,0.8675731245517228,64,283,99,5,9,234,31,314,0.08583188512614491,0.03738107105712022,2.2931689825551977,1.9765358096989765,0.2148784178077279,0.3560819449061802,1.546576138440337,1.2652419839702362,0.2925660962657048,0.18869330256655742,0.48725964263442817,0.430149151660998,235,105,10,0,0.5937852884586577
0.8395125098236773,0.06747463878111676,0.056782351625050444,0.03256067377404267,0.0036698259961128257,-1.4732160696674288,0.3551334840255903,0.4763195774599595,11,0.5041711618875246,0.08670885918675011,3.213441830983637,0.020300397515088556,0.7543283467550387,0.27462235266094265,0.8731676457147326,39,164,151,37,32,167,122,353,0.0883679455413127,0.019556249505330393,1.2115683093455005,1.3304330706986902,0.2350220284673128,0.37702555233797,1.2408993809198774,1.2009171622888826,0.3735207776483087,0.18404169770889162,0.4864895881081381,0.43368498265235617,309,68,63,0,0.8462948707135827
0.32938571142770906,0.07189322735636146,0.3270739789089043,0.20135803281898396,0.07028904948804121,-1.4165946892619214,0.4792651927559061,0.2708908508300161,5,0.2543808606079455,0.07695333780581708,2.418552029564152,0.0033077471809814483,0.8385803303479269,0.16996256215001782,0.8632388756228111,33,250,113,2,37,177,78,150,0.07941510005180971,0.028116124914966262,1.225105087665843,1.2579610302508535,0.20141938680470597,0.44443704392058947,1.126946570176831,1.0606220448634076,0.33774528202782994,0.15563616587513293,0.5608713958337834,0.38830052475622917,342,98,63,1,0.5217582888500595
0.094977846088193,0.01846850917856147,0.43951905645878253,0.2745267845640031,0.17250780371046004,-0.41484629929546585,0.5579413351389684,0.45275532583779454,9,0.16164314305033844,0.040561778404296304,2.768308266546788,0.012964642614428267,0.4544779833991363,0.05256497737406368,0.863713840957707,109,362,63,14,6,130,124,245,0.06592334835247284,0.027940227840028278,2.5594832473397293,1.381357550675546,0.2978919000840392,0.48291003019460277,1.105686431490951,1.2165810109574358,0.3677542467185104,0.18044258140423536,0.5236318203381333,0.34269100130722463,348,76,63,0,0.49245860282190407
0.4164880231795399,0.005682675217962113,0.027390908374070863,0.4070397513053482,0.1433986419230789,-1.4796395952078456,0.3188130882108781,0.4285795689148587,35,0.19361304201484114,0.07507072203637136,2.680333399730321,0.007362517141347603,0.7449494880484843,0.36171677204772174,0.9646466274747227,87,208,155,39,27,177,126,295,0.06231709717468202,0.017758890794209732,1.0109079353977604,1.1814270000614804,0.2510726176660807,0.3522871300949694,1.3697719903429497,1.0042167834420388,0.39010435841762475,0.13354666203150867,0.6087420968668591,0.382922231370244,173,89,21,1,0.7242619674937687
0.2449880377678192,0.07770376913810098,0.23266477868822658,0.03268553953444795,0.4119578748714052,-0.9304925984294268,0.3839062591942709,0.49881256674457414,13,0.17621009153338146,0.09301377461960945,1.6040430141231592,0.0013357132932198573,0.8263632182095942,0.180047754602041,0.9134560055694886,114,172,178,35,9,110,118,236,0.0349799977897135,0.03846455482290035,2.890985362811744,1.5616567839834765,0.2316983668665451,0.5488605002145676,1.5436855352080043,1.1654668202588656,0.24578621088354402,0.13011644195243222,0.5915700822091321,0.40885607001716073,216,108,63,1,0.6947279356817505
0.05712962463535767,0.4222241032540712,0.31599121619338527,0.2000434113572719,0.004611644559913978,-0.9761896286211282,0.4221472692212675,0.41280867006373223,29,0.18378923952744636,0.09153099800711084,1.8353091511033162,0.04371360084380818,0.4793860498747928,0.31988473331485484,0.884730551146862,71,301,160,26,21,249,32,287,0.02563026998916651,0.030636827007151993,1.380668031211164,1.8887188190438917,0.21062642675213278,0.34274059733667817,1.4066190513441754,1.0827257607746392,0.3451226063038829,0.21038757155849205,0.5426266986536529,0.4361019966386997,264,97,21,0,0.669603251712964
0.009987270819433638,0.5005045342511663,0.2113200758193463,0.04629501443003192,0.23189310468002197,-1.3931544536050167,0.5623685668932964,0.4390411458529409,28,0.1268441333489123,0.0849133691602568,2.6515782586650154,0.028546331789511825,0.3926889962521354,0.38853994749879406,0.9230376702715258,45,324,72,24,12,186,106,233,0.020158997602430707,0.013260441679350948,2.9829771182373763,1.6460334496724003,0.18277387803559939,0.5453590287878582,1.431302691141209,1.2009170422718471,0.26893399299522724,0.2069377165116957,0.49349645140978576,0.4362414107228834,365,22,63,1,0.7188685329836855
0.42473713107055616,0.06045081218390253,0.13660254547676284,0.026242805077771283,0.35196670619100723,-1.2462740709058915,0.5301847110957154,0.26815874335515344,28,0.198395623894916,0.034494777725196366,1.6981307357933284,0.012212855202528775,0.3994343006221853,0.08814612798826636,0.9585883018465071,73,329,124,34,38,239,102,232,0.07330444877932295,0.0330260659634971,1.2021071940839674,1.9555542418246379,0.1919240585950461,0.49476416551270475,1.481441656791711,1.1835164522185793,0.35453599352935344,0.1796675717116022,0.6262916050833234,0.3546111037948567,175,54,10,1,0.6984979268584617
0.0870922439005536,0.015577858814138153,0.4889576313105774,0.22576166991119773,0.18261059606353316,-0.7988363885011471,0.513143012513011,0.4345893072821775,16,0.3448387820955313,0.04858791650198956,1.7926848015398011,0.007880434202796353,0.5542970487065146,0.28083728961697835,0.9792270275684981,114,285,160,4,14,237,106,213,0.03614674982335828,0.0029071565820545865,2.72309520809615,1.4436462629339841,0.208254064504075,0.3883407974546317,1.4827805052703609,1.2471863207857798,0.4053714976035107,0.14533022929606193,0.5420895129737924,0.2978799038910117,327,51,63,1,0.715213266832554
0.22697605823468117,0.2644099225145697,0.24182404134556398,0.14525220425124472,0.12153777365394038,-1.4602337529854983,0.5013167066605433,0.4202033913905825,33,0.38653336065843763,0.0952057561329057,3.2868578099779517,0.00974136005638265,0.8679031485769965,0.28993390971308863,0.9157014752580301,106,164,175,11,35,138,87,177,0.06516431676350345,0.023607546185845645,1.121834538809286,1.4558616954988737,0.2737762706675299,0.3214463662459121,1.1146693440471114,1.253017845913671,0.2801712494546254,0.10656925785616102,0.5266089804122902,0.2967087304903853,274,46,10,0,0.6825810397895872
0.1376399742081298,0.5896962867360562,0.062051814018561705,0.18057620382846634,0.030035721208786156,-1.4622034816520342,0.21830663605951944,0.31192538160236005,38,0.4627894287709749,0.04280129094981165,2.886533629422855,0.01124571411747532,0.42963166270462716,0.1331381245301155,0.8909422533034613,82,323,168,43,18,133,72,331,0.03339471674893023,0.037399993633792906,1.333976698394081,1.8641305423145464,0.2911536314872042,0.36500114503283115,1.29513430443673,1.1978345070393295,0.3201568813466832,0.21742026387460495,0.46155944343081196,0.3486169471638466,348,118,63,0,0.7483299344859548
0.42107072382772676,0.006443842764249044,0.16111989704328258,0.1489574914315822,0.2624080449331594,-1.3539145635861802,0.39354237684121396,0.29153877582386467,28,0.3380082757173448,0.07390271391396279,2.916794939154749,0.018316288957473986,0.31179016788586106,0.30965359448953494,0.8945954846767985,99,369,124,5,27,177,124,257,0.07979323495627585,0.020376831822278813,2.1719410951284956,1.3269888386829949,0.2317625471890769,0.49455053826277806,1.2868338444092382,1.25394757523663,0.3450111186791109,0.1935938890441117,0.5778085477631416,0.3806983225866349,325,66,21,0,0.8031524493973097
0.019176333420940023,0.3096925948324948,0.13252076250596745,0.1310568178230775,0.40755349141752034,-1.2219870538594504,0.5732936817720155,0.25482736612493023,32,0.24561322420591816,0.06721258007263069,2.331831876902142,0.023380858888350668,0.886545548696065,0.14574985999875595,0.8837862946311374,39,217,140,12,17,164,114,233,0.07074578908578687,0.028093636816025246,1.5961505325199665,1.986685911831457,0.2110156053889168,0.5077706122436073,1.2910496076188078,1.2696549815773763,0.28423164850651433,0.14352592986019225,0.5151007811291841,0.4078893916966621,289,113,21,0,0.568753889532326
0.39531915323893785,0.0037801861154208327,0.5784246020240974,0.01500876537574103,0.007467293245802907,-0.4087261686197278,0.4876341542154378,0.30757537714405386,37,0.1373690449011475,0.04921915765709389,1.849148486818018,0.024479892442341927,0.6401145026588603,0.3171592409604145,0.9703235674069612,108,350,107,18,6,189,65,303,0.052749004832298864,0.010525618110498151,2.2495054474305967,1.5505987393748963,0.25003613788785173,0.5383815559083902,1.5141351520933202,1.0308394932931193,0.37344132473721664,0.14346844657199925,0.5792544658239364,0.3464424855860272,299,92,63,0,0.7572062369724877
0.4778823092391708,0.1612646444221668,0.011363445578113302,0.13635507639530622,0.2131345243652429,-1.075888477758806,0.5924005882370452,0.3535866545572134,33,0.2070304888806346,0.09657942269939274,2.529571519569245,0.03564742541143556,0.4511383454872751,0.24210693794507063,0.9480340655118317,21,374,72,2,37,186,56,325,0.04013056047212773,0.014876995168124175,1.4773242185425453,1.1735847324881354,0.21794475400731936,0.4830781551320889,1.1292010297881399,1.2513448653760229,0.2750608124514455,0.1512355262679849,0.6374901933187143,0.4055357008115775,314,117,63,0,0.612157270832139
0.03534536266347106,0.15170856665598806,0.6767416104189821,0.01219064616131667,0.12401381410024216,-0.5849026290535954,0.3480139795000141,0.32410995078291216,8,0.2802373234507662,0.07374821659092985,2.2006981491958006,0.016593281116549893,0.7797339280692942,0.2179902997221942,0.9628437136926098,55,209,102,18,11,143,106,303,0.04268494631867569,0.005430871703957681,2.7453742047557848,1.9413927524861352,0.2463140767154191,0.3297204955638288,1.0876291767304913,1.2886292959950805,0.31748102272244866,0.16185580709126934,0.5587313435222527,0.3856299562093341,213,124,21,1,0.6906255679022033
0.6351128182352721,0.030345239271707018,0.1738208740154554,0.1300333788284691,0.030687689649096274,-0.910954142863361,0.4235522749353567,0.4980245725164403,39,0.12950686572336886,0.04735264870116663,2.9811935054620493,0.010978092764388601,0.3947422203568592,0.17626961226479812,0.9729439092045505,120,274,93,52,34,252,119,265,0.07443366399545777,0.020049408720551894,2.137324201802006,1.9394381652812687,0.28378440145004835,0.4950111624237783,1.120092282033382,1.0448558890403883,0.36776554973703307,0.11458265019567523,0.5058851855091375,0.34581979010338343,292,52,10,0,0.6783721155761729
0.06047135368853084,0.2597645711874411,0.17894176139127746,0.461980227027289,0.038842086705461555,-1.430786381384811,0.20969877955887825,0.3309711099227725,24,0.2410140408159426,0.07956554150256602,2.2067893776002787,0.028469677047140894,0.7888391212257053,0.2628388981087673,0.8705561899714812,78,279,167,8,17,238,122,221,0.08764366098962309,0.029475579257660305,1.9023402872072106,1.2674711223164716,0.27021026992631775,0.41093018276900356,1.1926921901223522,1.1896345266923776,0.2448676364806423,0.16020445386311333,0.5755399997159186,0.4085794558346146,285,96,21,0,0.7457111976252511
0.4709156526731024,0.003749810015168547,0.3555995579285804,0.13728865512181754,0.03244632426133106,-1.161697415720508,0.49361428496160614,0.3088819553920713,30,0.4340354176846051,0.06342698332446826,3.1450593628750787,0.011066050635022114,0.4242054589454129,0.05253282832817442,0.8690275716886454,115,349,134,51,32,118,55,195,0.053054948061024336,0.021337587737061226,2.5145100554076625,1.4828471156887981,0.18291302334682671,0.454340256710811,1.075202961601935,1.0956222138660512,0.2981094680524812,0.18510242640048127,0.5666386955167708,0.39603663705133635,305,108,63,1,0.744115153380181
0.04670819905672813,0.12123122531290705,0.40655273190694086,0.40403310059616876,0.021474743127255235,-0.5398371780506693,0.3425943656481278,0.473793485172914,7,0.1676390651534777,0.0707365058559523,2.763514241309921,0.012743871202832534,0.6903475798163087,0.05515279758381335,0.913351923346196,96,340,146,34,9,128,107,356,0.08302338483522521,0.039136040348626056,1.5837605303740168,1.0730097042050935,0.19173273953279546,0.33979608086248364,1.1596034613952158,1.1270882715951616,0.30311467154617117,0.21089513959089085,0.6080503169599643,0.2974110692601474,328,96,10,1,0.5393647212608254
0.23122344612850232,0.0737080821079782,0.09902922717055634,0.12401887383942627,0.4720203707535368,-1.4513749015306991,0.2984158168653071,0.437186351897631,24,0.16614197934915528,0.09766854798571552,1.6729557578767653,0.0041402771211486574,0.5584219472350818,0.36525900709999676,0.8959805362783021,30,181,68,5,9,189,60,147,0.07858483448977911,0.03240597669245031,2.6308770945955477,1.322940480691257,0.22603070294409705,0.4950561968765857,1.4454066455855419,1.1183044342872215,0.374780277041049,0.21379682282506218,0.6153713547777325,0.41145646291571897,200,88,21,0,0.552451362238205
0.08406626222582349,0.024844847412561977,0.42609445036596616,0.40260880366446555,0.062385636331182756,-1.4035635648862173,0.2655809084894635,0.487654808646588,34,0.5036228518043373,0.048984476198238563,2.0314153314938954,0.008971694209389276,0.5062873228160816,0.05429941509297202,0.9249898986010011,105,317,114,0,36,237,64,216,0.0402497200008167,0.02896353052305369,1.6650955370226017,1.4543296279824434,0.27832632823169495,0.4950489623901046,1.4752584378173952,1.1728386920780398,0.26315828592766743,0.11049339730364635,0.6240248907545993,0.43649424755627664,254,41,21,1,0.7534567183756995
0.07881647073560281,0.08433172269596553,0.26107678809583934,0.4459884197969436,0.12978659867564865,-0.47526219352438964,0.5636128997589679,0.47269194546879656,14,0.2667009911215351,0.043267105587354554,2.9348119518569096,0.0036064684651385985,0.4930336021708719,0.1602882745626616,0.957285919986219,101,377,102,37,9,199,98,184,0.04838239253447999,0.02152486125336261,1.3920750990654676,1.7727921494607217,0.24230207486876243,0.5215322257894196,1.5821175187700256,1.0563277357075296,0.3492429787880872,0.18528122148659193,0.4971245105482492,0.3510111638557393,296,93,10,0,0.6675784067103576
0.1212672818555976,0.2280760809216306,0.48260569859484886,0.05054308778926712,0.11750785083865602,-1.238440055297181,0.3984059140659347,0.4476220960625452,34,0.4051274676494616,0.04187672656022224,2.5114359367877905,0.01738934615529339,0.8506675109044111,0.26004850880845615,0.9191723660577236,73,243,184,0,10,153,59,295,0.08766702511941823,0.013721494006907467,2.654020792254957,1.9622432103522454,0.2216764188001783,0.3400442624541183,1.1420645438849695,1.2988688533545052,0.3865851492578427,0.11147201270761337,0.6245645876904935,0.3222899561462018,364,90,10,1,0.7186396761599069
0.11967933770947986,0.20111458409957547,0.18101991706584805,0.0840983130572297,0.414087848067867,-0.5221166654719139,0.2793884233514877,0.2558648608333606,29,0.5285847456184093,0.038164878955386616,2.266287861350337,0.017486641786246863,0.6747606499818579,0.3703591048763449,0.9188944159363309,73,344,79,14,30,184,74,271,0.03424437912984898,0.03855581354823481,1.170482337987184,1.4534324732489212,0.24223606677514004,0.5458998177943807,1.470015803311556,1.100784707650624,0.28524767068563855,0.1641988793396093,0.5538155694577923,0.4255044351330626,338,34,21,1,0.5654203497706358
0.39521455047586873,0.10388237962068225,0.013284900976145535,0.20412275280662082,0.2834954161206827,-0.5218519550807348,0.47267010371263724,0.3864101340393462,8,0.19151581683185084,0.035917702542640505,1.6968225422514038,0.021838036609823298,0.6043680275703619,0.10337771455453676,0.8645019385982305,65,153,94,30,26,134,98,340,0.044296267388055345,0.01524080431387417,2.5905331489243135,1.5207890437116767,0.26326947259261396,0.36268541003940213,1.178148956033275,1.083204753205749,0.2780601248319504,0.21804001116549618,0.522206715134372,0.41517085203471965,265,118,10,0,0.5890719028094906
0.4173797898124431,0.1571224585382456,0.18709355600655056,0.18073693565191792,0.05766725999084271,-0.8103504097780878,0.28875050465538177,0.3972208497487368,8,0.44624627950112905,0.03169192198360985,2.76399230738691,0.03300843914057822,0.4954536829107089,0.15753683626625187,0.9220919679148459,43,305,161,52,26,202,56,189,0.07380768925935134,0.00013188221963160275,1.2961424712663505,1.5936108904464694,0.2822692210559564,0.34437528319597144,1.1967243734619157,1.0351110881368915,0.27820350076924794,0.13229110158139243,0.6166497845427887,0.39568239609330164,167,77,63,1,0.789502547765637
0.16531841214430543,0.3216614954886994,0.06081496394132018,0.022461169852972335,0.4297439585727025,-1.3355933764255525,0.5939550508714988,0.3283168447349678,31,0.2774641723902296,0.034797464149422384,2.93916905308783,0.0386513707641253,0.6084182463506471,0.15994069391066845,0.9527473575903409,23,252,98,14,20,112,116,289,0.08966549653421066,0.02908542426822709,1.561968987701499,1.980461032836628,0.22986522220117844,0.4815080043664752,1.433336325083006,1.0780944346008128,0.3031157845293738,0.14593787564196725,0.5974223988878561,0.4340672369147523,350,94,21,0,0.5941820304406055
0.03197987675135393,0.007268346534066421,0.1406257355530369,0.6260844194538723,0.19404162170767045,-0.865098305351178,0.5350858845341707,0.39436114453901,5,0.19597038361307134,0.09416324639454743,1.922983714139436,0.03409633152658278,0.3732313795034965,0.2525385168379241,0.8740950898822797,103,262,122,25,5,212,77,174,0.07640379489484261,0.01336475595798143,2.6602904910699303,1.7685611780419697,0.1865757024691307,0.5370000189466415,1.4957255015358935,1.1152015780381592,0.31433125002510875,0.20229996599877137,0.49331737273047627,0.28709278814338973,252,102,10,1,-0.018085627467335108
0.14462187559533818,0.01751007265243304,0.7132089817794339,0.059673651719130465,0.06498541825366427,-1.1944290305156566,0.5219495780016002,0.403096426114089,11,0.36717167713404725,0.0388335120245148,2.7357546737883567,0.021419869675860664,0.3737482153173035,0.35916671761213903,0.9607852595250758,111,257,145,12,26,252,61,373,0.029854726298868352,0.03549830330185578,2.5901989814247814,1.269360451475105,0.26276179690214624,0.3335466790675648,1.2666260628862205,1.2192786198770589,0.39556509099938186,0.19769437174824517,0.5354633363607284,0.4195184277920208,244,87,21,1,0.715398356903001
0.05969372094191094,0.2994079560836691,0.08759919160016054,0.23096559493825305,0.32233353643600626,-0.6568079700981024,0.27413466036560774,0.4958862865557248,19,0.14738343246715688,0.056484497037283754,2.6006872137688237,0.024239589912205057,0.3695400478493657,0.11770322533116104,0.8582716936689129,92,166,171,32,16,153,58,191,0.022604522868167352,0.039081660527218,2.6567414074347413,1.2294249590692232,0.18681626085735017,0.32640397770540797,1.1208995636215433,1.125597388211138,0.38078172420723916,0.16822105891499836,0.6044113617182605,0.29426279783199083,366,60,63,1,0.7672915399338642
0.25045210511667926,0.14198966540156216,0.1943470631689852,0.3064893088045054,0.106721857508268,-1.3288223422632581,0.42311899161188005,0.35911230646823245,12,0.3492932757183369,0.09624026611178658,1.9276563348176696,0.025870685060663756,0.7216072522218142,0.21884159768902778,0.9414453453963781,37,176,147,16,30,218,50,153,0.04325026957784984,0.03559071128435452,1.0222644049572782,1.7126882483081518,0.28094611606480413,0.5450332735863472,1.2161162184719072,1.255352013417471,0.37189207316958006,0.18994346621540945,0.6368346571638651,0.3787303566444792,330,43,21,1,0.7197869796869588
0.4244319976055051,0.04181920511406242,0.06635471129924216,0.3977280426570464,0.0696660433241439,-1.1783497230265583,0.5869963393845881,0.42930127384845074,35,0.392365292212643,0.05436906862427307,3.2903829150562296,0.029431216281995486,0.5856165828319061,0.2590267943956065,0.8602876249210218,76,234,67,40,15,107,46,292,0.03284060200068552,0.027120540650959143,2.9390665373166165,1.4191121975190535,0.28501486733945186,0.5314844823680632,1.0915881121793714,1.048972443813092,0.25214994598538487,0.20529989629677844,0.5011641548286424,0.36407141617264777,271,49,21,1,0.6837470872802585
0.022846831467562657,0.35501449126319623,0.03847973627394849,0.2672078433743248,0.3164510976209678,-1.2034977192955776,0.5217548797049497,0.3087910342999307,12,0.2425860300396,0.049436710892052364,1.6207141030373677,0.017509749728929016,0.30531369755454296,0.3846069092205847,0.890049539522926,28,175,122,15,35,124,111,285,0.04576261165866118,0.03558441026236845,2.5572533120040712,1.9160374253694523,0.18417668345653557,0.3446760345368882,1.5222424529159209,1.2430000490044997,0.30153118585602534,0.10206703188181994,0.5224732863781322,0.37680378903028783,140,125,10,0,0.5234815045640638
0.2735036247091971,0.011917794035084603,0.09719358859622115,0.4443078048834678,0.17307718777602943,-0.6142337707142671,0.3481711078257095,0.4870462894916644,14,0.5463773929551163,0.0467027473186388,2.3664240329423647,0.02275657212533797,0.6820537148651956,0.17986077281970175,0.9640400879473471,81,372,116,16,15,249,82,371,0.053357274492982006,0.02138581272914841,2.741947978379473,1.5488941573164734,0.2820964013418964,0.5246014904612097,1.0209095466424145,1.2844480472067359,0.28419672608044516,0.1118901556079649,0.5796280246813624,0.29706744722114425,173,59,21,1,0.7202410058924292
0.2851532869117552,0.08718078908310523,0.20161898353295324,0.3214638545494904,0.10458308592269587,-0.9065431871866989,0.24413311969351206,0.297609216295857,23,0.4927650322056177,0.0808575304294064,3.161475128422367,0.04461938691580573,0.7445139701532698,0.3354344368003908,0.960231705045181,32,261,163,2,40,124,113,140,0.08931917496045526,0.03660407565931306,1.9951164257086824,1.7393563201981,0.28350485221140054,0.5254336072223142,1.237649860518235,1.0419531993892277,0.3613043446655607,0.17209086889797404,0.5662355905849829,0.3888512001163213,229,29,21,1,0.7209292524005593
0.4357042520967632,0.39270389096296304,0.004464481795884922,0.05860828078556623,0.10851909435882263,-1.1374305148619321,0.26154070865863976,0.32931531357630583,26,0.28579750333291193,0.0707860204527367,2.4099130545957985,0.03141701443355978,0.4655449011356788,0.1433543350032167,0.8665221553769253,122,226,165,52,22,148,50,309,0.05271925129512314,0.030919996830287073,1.5505507355825465,1.420936007287966,0.18065298103116484,0.46359772686098366,1.077074255681162,1.1392404430420882,0.25998070382190736,0.1872624423666785,0.6079545414300078,0.42227748891321626,173,106,10,0,0.76581631709751
0.7047386900867241,0.11243922760580585,0.04560798051232415,0.12320819942250615,0.014005902372639772,-1.2141982316823867,0.23392767773051792,0.41586132335867665,23,0.44901089755225826,0.05075842308320021,2.254922949162709,0.0377429329265304,0.8586084594922113,0.09148029863260655,0.9482682213234331,91,326,171,18,25,146,100,200,0.08657115071428384,0.03491823939345409,2.7106819114040204,1.7014429841463734,0.22157005183354433,0.3444674135120214,1.2683620698943154,1.0687282872108383,0.2921884892958422,0.1349756740511515,0.4600565587260673,0.3346585616916312,320,78,63,1,0.8132055122139339
0.059055272549938184,0.08741176601653547,0.17091411835418713,0.018865892253955324,0.6637529508253839,-0.6165580129641657,0.47943045958853137,0.4310438502096654,20,0.5426173735949604,0.026480424090473065,2.466586514763034,0.01818512800953845,0.4182236165599878,0.12460675077749944,0.8709700100870148,119,219,64,1,23,207,116,363,0.05269793796294901,0.00832749458573101,1.7807950810325093,1.3386483101717008,0.21374094417020448,0.5244944070188479,1.5415195601258247,1.2857710518474212,0.28479807711236693,0.1983554669054067,0.5886773607574797,0.4359219226593382,302,43,63,0,0.7190653846614838
0.25581486749486737,0.031961060815641915,0.16074118232491882,0.4263257994663463,0.12515708989822547,-0.9300943746498328,0.3346734300877757,0.4013406947291676,17,0.23426686210146094,0.06401839455445156,2.3785730743861073,0.023697403933041417,0.42357107756900475,0.13396967466909326,0.9504151612028957,88,184,162,20,16,119,48,129,0.07030209546201871,0.03160772549677133,1.9633836465784649,1.3666960728708688,0.19353992355516683,0.3951714999662664,1.3295515011917078,1.2690199460731837,0.413752898623832,0.16528032947704302,0.5550499968470912,0.3542915589242393,156,95,10,1,0.6390253362526085
0.28100464988121615,0.043437681674608146,0.3555445571881969,0.2882519922257012,0.0317611190302776,-0.4129082401448352,0.4129930623864352,0.39470664511860043,17,0.33812038561730556,0.09264639536251339,2.7241463698219626,0.01759016188823853,0.4669295719289378,0.12095115558629196,0.9308723471240892,102,356,114,44,42,111,118,369,0.06640925986391324,0.011353158465923637,1.7645803048625055,1.646825590103079,0.26495737146960213,0.364057923885113,1.1316266473053855,1.2096032979658078,0.28133686808071545,0.1448194097065166,0.5353887246148968,0.4106299568470336,376,75,10,1,0.719590875132966
0.18257710501190585,0.14240744125013827,0.22145718510799728,0.12265640590790045,0.330901862722058,-1.0286084032134617,0.28682469048868325,0.4916747869008796,36,0.48000045573771605,0.06752983288767726,2.0762113037717658,0.0008062261705799539,0.8738868810975925,0.39027563653185404,0.8795602532895754,99,213,139,34,11,154,66,186,0.058193801227835885,0.012887851751893314,1.2094415783842785,1.8341128214514106,0.29629711839064404,0.4784592325834031,1.2966661023664312,1.071053124339479,0.37656555704047595,0.16233970307083667,0.5760553610684218,0.2941836653756399,250,61,21,0,0.7075446211638232
0.12348053825280239,0.10090116797800319,0.20155481270998016,0.3773252787247297,0.19673820233448466,-0.8514049905107739,0.5977624052568898,0.3799288822857769,30,0.5428885778998481,0.03784839949173498,2.897049939631401,0.007712602052317812,0.4214016402986141,0.37310788233957476,0.963565971903247,101,162,190,10,6,127,88,148,0.08536593844915326,0.02453542717865206,1.6364077318234178,1.6003668195516891,0.29643285429228394,0.4945648985821665,1.4638680110569149,1.014320508599516,0.354213688104473,0.14396921039984037,0.48048897105205834,0.39558336880785666,169,49,63,0,0.6884330786473639
0.20668964061861983,0.04050639636165498,0.6386908457955524,0.009276146185869293,0.10483697103830342,-0.7228259599926021,0.4774676673625612,0.41725203426355595,9,0.2623872950757944,0.09036782115148952,2.525167445850451,0.009864395040825584,0.5764898993160357,0.21123419569499352,0.8656817801721949,74,309,139,18,40,129,96,265,0.028086576456131433,0.029063855044700847,2.7011105467228678,1.6552565823042968,0.24158072144563172,0.47381022020394953,1.1323939392884859,1.0403882218106097,0.25871360831751616,0.10869099184768939,0.6225382512214949,0.41817156377912096,298,119,21,0,0.6545097691795442
0.3233764867261407,0.05318246940058974,0.497962583425875,0.07626590690094512,0.049212553546449475,-1.1601015929539777,0.49592258431848174,0.31866762213861083,17,0.4479392689324255,0.04288905285725788,2.5701976492263077,0.021630339804737903,0.49406694012468,0.35012715376366527,0.9641076186953736,113,280,105,7,15,165,25,127,0.058354043010320926,0.013830321556078346,2.8525686157338868,1.333047501471722,0.1836961598230921,0.4993965801041976,1.54198946018798,1.1552677427379345,0.36386525332393144,0.21162871084023502,0.5735497364270669,0.31766985147166066,360,86,63,1,0.7161498491029892
0.05091218163869946,0.19270223898455976,0.39615172050757613,0.09756817800952763,0.26266568085963704,-1.371435572926591,0.22985552040434154,0.46080113629314345,26,0.14063170080066645,0.05773910930826256,1.5416048014237709,0.020423333171839544,0.430698392126129,0.16910041513819585,0.9082388563260602,109,266,172,44,19,125,111,228,0.041319170073882784,0.02478592215938341,1.0210604344569767,1.1322997337745895,0.1913346014945054,0.4644018107599367,1.3702110888931274,1.059472483141223,0.30828216704211087,0.15016552903150351,0.5043369450481107,0.34812581792801667,219,88,63,0,0.6600102154861229
0.13222578156162965,0.4129921597381266,0.23402882051406065,0.05133267802053148,0.16942056016565146,-1.3669213619265144,0.533857346945378,0.3616099391395766,13,0.5460416772349796,0.0937076376049803,2.0303602773179987,0.03640843749278049,0.6726620775533968,0.16762402815527597,0.8818447123063842,78,150,149,0,7,201,118,237,0.04596391001094625,0.008686585203950267,2.6895995362849723,1.2344483477663846,0.24611995541319137,0.36727125516390163,1.2018237768752738,1.2291983688441068,0.39694872457554575,0.12531989931071258,0.49522185519561246,0.38644082371495364,201,109,21,0,0.7290141436199299
0.5130977339445685,0.030044138150697106,0.05964247922567378,0.313693990422287,0.08352165825677364,-1.0433866980949411,0.32600168464851154,0.3987416426146341,22,0.39176999684359964,0.06614620176242053,1.9524128497498696,0.019098687256951092,0.3870876351972397,0.09132843758508948,0.8607109873212224,78,263,187,48,33,168,39,316,0.020059407328682072,0.026621880340097343,1.5851905285991328,1.8695288902257206,0.2590142087691293,0.5302273980940599,1.534067601974444,1.1642502392062095,0.2606854161304127,0.1539119617844794,0.4832971440530639,0.29365759309663464,248,117,63,0,0.7573393252448897
0.1608944999231221,0.24912270544215925,0.26588375763143185,0.0947727352705645,0.22932630173272234,-0.871056311283633,0.3599278768828763,0.2972577964219576,40,0.3909574093558264,0.057092139544529935,3.459417146551659,0.040464858872404696,0.8869904676794168,0.10455508235575207,0.9533210690434583,103,165,190,5,26,124,96,300,0.0693093108579432,0.017727654741363272,1.5637860048916918,1.135760281495262,0.19040331427503532,0.40883250237320895,1.0972770535882093,1.0671992583388805,0.277397980949026,0.19209525733582133,0.46851777938141215,0.29767418212290114,358,41,63,0,0.7534679394050533
0.12015226550911938,0.6528624642487668,0.06556070591365382,0.08445682791975809,0.07696773640870191,-1.358120032824142,0.30323109443178986,0.2854372485276212,19,0.5442306728073961,0.026397589517294772,2.154143876395146,0.012562355555480085,0.36886868814475005,0.13528025208300176,0.9619019608127568,98,291,176,39,22,186,75,351,0.06462768022924938,0.015640389481537547,2.4065326341051927,1.4298115534630225,0.2460555510336022,0.5436615308436461,1.16889402747893,1.1752210349843528,0.4054227692741043,0.18104945374140077,0.6446096222566984,0.34649455949878744,372,85,10,0,0.6501625598759357
0.052972221752029654,0.07692804453519404,0.5655309069741083,0.1737058624850231,0.13086296425364471,-1.0308773571301162,0.23551665121543724,0.422569771659394,13,0.4462678435640001,0.07622646325644757,2.7396103400198744,0.03430920711698824,0.6090145831140927,0.24217211420790785,0.8687773971761772,122,153,121,35,10,146,106,146,0.04430776373678779,0.0260330185123589,2.7912380164416586,1.7537306325851922,0.2771255210334591,0.38757037002490663,1.1264615497015695,1.0035824415098884,0.4126778586547468,0.21766223877446475,0.5276576027448505,0.3355343025294837,141,92,10,1,0.6657620371326678
0.0005770603668210525,0.06303826053389686,0.5224514792109842,0.1551083527777355,0.2588248471105623,-0.9054097523603821,0.3668628224715607,0.4026036019111379,5,0.3417765181875935,0.052447869165948506,1.8881884741970685,0.031187071285362394,0.5429968885447269,0.16004155276692933,0.879504781702693,111,306,91,44,18,132,99,352,0.03137889063120741,0.03143714692047822,2.3509127337403894,1.3081545208368799,0.21672890750701904,0.5389206250744173,1.324466768927178,1.2619102485351301,0.3268743429637526,0.10579312353589007,0.5380533720598456,0.34972953791929423,328,85,21,0,0.4743754744239584
0.0344882753542378,0.380146814801289,0.373025052206506,0.06833357530883705,0.14400628232913018,-1.1559633022091256,0.23461702641389912,0.3578160575481572,36,0.251018973868848,0.09178642448820253,2.7900520220232874,0.020510270091661644,0.8182100179180212,0.22272145152065959,0.9645909125363566,59,288,156,27,11,212,61,253,0.028313487553950734,0.012650941367919102,1.3534678279027288,1.298889052239585,0.29508482804446173,0.3835599469524162,1.1131393060598784,1.158681414291028,0.30135916780315575,0.21640894685037618,0.6090062346629282,0.4245987911674084,254,48,21,0,0.7137204934303542
0.14942112401833332,0.18312200455558578,0.1475363492134889,0.2059412076288279,0.3139793145837642,-0.9220301882951077,0.5072200981272631,0.3179628665879376,35,0.16155592247600004,0.09454832374236474,3.2677174937950895,0.036549381434369525,0.45834572249566174,0.23527166555687526,0.973385273358635,101,174,148,21,42,108,33,168,0.021127615563595756,0.025118890870441373,2.6608953984481216,1.2510173215244746,0.27991543382555906,0.41441224854424413,1.3324641826337749,1.0585907950232716,0.2447665151047916,0.16403545900410615,0.5185976581604542,0.4379285309229192,157,60,63,0,0.6881698175458825
0.21856233770500114,0.5181210900560136,0.10625301079207011,0.12072342569080219,0.036340135756112744,-0.5873424037359575,0.2207138749452744,0.3549518368123791,40,0.19207542558849847,0.053191324830192566,1.6701885540917876,0.040915813238775404,0.4180017705856614,0.3862923671784717,0.9472234060702303,123,369,122,10,38,134,87,250,0.03759509525510834,0.028409347071203062,1.1275775042607425,1.1429776840526198,0.29136600694965065,0.37654300367618365,1.5230151863456636,1.2462539434214204,0.3771323067646559,0.21279616701788343,0.5663365788561252,0.283510906923601,143,53,21,0,0.5976921846386544
0.06602557775104993,0.33706761558182496,0.13280908319541893,0.2770911694292209,0.18700655404248523,-1.4741543709909357,0.20974960251771213,0.3627512411385173,28,0.22119375225062823,0.04527678935048123,3.3287485043636407,0.040486020446730844,0.39137126356770646,0.3872127360307324,0.9244364241946342,75,339,135,50,8,124,33,218,0.040930190992704875,0.016965857888737636,1.9005556892777637,1.9941708574404373,0.2811159100975564,0.33883867308070037,1.258594872027502,1.2290665156030287,0.36032886805913245,0.12592963791255574,0.5520994766357585,0.3255161029521579,149,71,21,1,0.6893015058605448
0.05840489054240004,0.11047326241353574,0.0985747107130001,0.3179787560832381,0.41456838024782594,-0.7195289046610815,0.23430464779923463,0.49248513703848007,38,0.41091798857993234,0.06372878519346842,2.590992044400341,0.007989123653258027,0.6628228036221379,0.0830682120815486,0.9744094023611028,113,171,180,24,23,133,63,321,0.07630016756951594,0.02236615353891414,1.4908047912389557,1.9038527492370654,0.28141078353229243,0.3253915250694574,1.0479765896742412,1.1846875770522096,0.3893908318682036,0.17863375609948656,0.5088550966272931,0.3518234627348702,286,100,63,0,0.7241318374272557
0.15702748736983702,0.1800058989663818,0.10131142313703886,0.06308901285952678,0.4985661776672156,-1.2793723431688298,0.28616012296598103,0.2916266623586736,28,0.5125107898377426,0.09610982644163446,2.1717692769911006,0.04186971868623001,0.49635344546450044,0.28806816313046724,0.8827363428891213,82,323,92,47,8,102,58,128,0.08780908057514013,0.03763653729707013,1.7107245444028203,1.4154805162916007,0.2780091180694,0.36864144624063566,1.1605033775399225,1.0507153466064951,0.4147642076378588,0.12011356799435224,0.4832813705578052,0.2901155547065838,199,61,63,1,0.6991212351221817
0.6897397280623673,0.03172474814794801,0.2207678549589673,0.030688381597033992,0.02707928723368333,-1.440828357283738,0.3009702040110959,0.2912495783186342,39,0.5355282664148471,0.08284525625283673,1.8582513382730648,0.019267623768790397,0.46733559599359015,0.08928832039357404,0.8850422189152095,36,242,171,42,33,212,30,234,0.022236165364985006,0.039337208293797346,2.4227754612546137,1.810880123779985,0.2694448563267971,0.4398949751431581,1.4366541191802562,1.2334333146693872,0.3671474202895532,0.20086834528691616,0.6101127126252901,0.28114816344461435,340,85,63,0,0.7807741184706941
0.06582490328902205,0.13535968833138098,0.5973338349557578,0.08976195276896416,0.11171962065487501,-0.9507841214200329,0.43473225929463727,0.32975462565371094,8,0.17122880355186307,0.02652314295905539,3.4803548395587205,0.01678360482572462,0.5287918280985621,0.27608522357194953,0.874667634914161,38,261,140,28,16,173,59,332,0.06333636114435288,0.0069156195030235295,1.0788868290416147,1.9709838013658452,0.21464885096713598,0.5123841414661833,1.0243261929729819,1.2012936176373112,0.35447632375593147,0.14901479375655496,0.630217539696376,0.3614013369042272,323,91,63,0,0.5200978057517437
0.05565522682372853,0.018059262836728162,0.5152437146981748,0.3369267265773068,0.07411506906406187,-1.1073159634544236,0.4758990313243712,0.4573563754769041,14,0.4635285331836803,0.07813705940264275,3.3173637082029916,0.008057527875626976,0.44119382482808805,0.0767983346921612,0.8913279659893153,21,196,87,40,5,155,85,126,0.08744894845478361,0.030357682178638268,1.373197306800465,1.008904580876476,0.27624089075945807,0.3367915893393839,1.0183281001010673,1.2762441205590789,0.37033391845667013,0.15982119561872982,0.4740376374504509,0.3573350529548011,274,51,10,1,0.6542532317962454
0.0055672231282225615,0.09383702344451818,0.10096758530669137,0.6267463610324191,0.17288180708814854,-0.8407987201937465,0.5317043043684261,0.46333528658510714,30,0.5347889616263487,0.07277970829659709,1.5025722239653139,0.019849980212242678,0.6638375854081353,0.32627637704910806,0.8873615267573591,52,201,112,36,10,252,44,215,0.043283029363199325,0.030658106408800637,2.8750537405271492,1.9989559132013697,0.29486012113352167,0.327110081907724,1.4430853531539904,1.2790073619791096,0.3818761792008164,0.1838149397846413,0.5376492055623532,0.34507375921727645,330,41,10,0,0.6986030801248341
0.007618751010911635,0.036518320643245374,0.17650215820436652,0.19954143000939467,0.5798193401320818,-0.7958777124585991,0.30927131219640847,0.3714760632547209,31,0.33812934079709794,0.02639244966719068,3.4474686753729014,0.03674560526600559,0.36390400834915226,0.178046225606652,0.9469699036140414,63,297,156,3,7,114,74,260,0.021091838681662083,0.025236211032188382,2.652859602351427,1.8904569561333897,0.2724472238246993,0.3311186773611228,1.1304517139554155,1.1160109247026297,0.41002544449489814,0.19325875028264297,0.5580766588219551,0.30825485769837224,252,82,10,0,0.5542719346046442
0.12302677323429247,0.4009266822380947,0.21624927474443015,0.17341016615389576,0.08638710362928706,-1.2757827856603743,0.21202138504393428,0.31636053408035597,30,0.21262974735637938,0.034574321452721185,2.8540226561783815,0.017975301809749707,0.5259023223565122,0.05975546454161466,0.8534092023492981,43,320,188,7,38,149,113,356,0.07846773907154063,0.025965945013530438,1.2950411902239132,1.5721101536295543,0.24827034376200477,0.3825446396800276,1.3656023542474325,1.1784366555149883,0.26897541550159526,0.11377580648869372,0.5817912294416906,0.4020082152719909,245,112,21,1,0.7247399433648679
0.10462586246255479,0.49471902366197457,0.3190821269840236,0.03916433578960154,0.042408651101845524,-0.4056936108922933,0.4872315882120695,0.28325887381108494,25,0.39524042695551603,0.035347069100002994,2.738272415004066,0.043268760487004294,0.8621795515641719,0.21352647751217188,0.8585307342892534,52,224,66,19,16,170,56,209,0.08055759120019684,0.02504596348436533,2.953770153313335,1.4794236490604096,0.21261210070738934,0.4840413706709932,1.3188002809905577,1.2385405470249904,0.26859540859375175,0.15808425680247284,0.644971331709651,0.2965616444623352,161,41,63,0,0.7619719089953255
0.21732596385219227,0.29298768890598803,0.08130640287684862,0.0692781109485907,0.33910183341638045,-1.3904897128939677,0.3237020253393279,0.32286974974881333,7,0.18420703467597876,0.09718333527998742,3.4205770736033063,0.027386244933040954,0.8371993658946423,0.15112078187038927,0.963665561423799,48,298,158,17,35,121,95,349,0.0714588712188458,0.015694986760126373,2.2357753263526012,1.2406073486875262,0.2874246541665026,0.5351437515019472,1.4352888310979766,1.2756566959156996,0.3536109111428304,0.14917082401598783,0.6322270810829053,0.42011480338559265,128,21,10,1,0.5467822951612613
0.027297371239964376,0.004129796786241689,0.021300846162034613,0.9213404449998817,0.025931540811877617,-1.4257040865791895,0.5652105524467244,0.27368089758185044,25,0.32990102180921577,0.05364265949195944,2.543806906447677,0.004839331072315089,0.5857833783336596,0.09151551649672064,0.8987281088441712,92,312,70,7,32,100,66,289,0.0800679694933751,0.006195888011817998,1.1421003735534279,1.1774491852392905,0.1924771704723781,0.43983237911154677,1.5963887932433998,1.1672357040637173,0.2602475370404593,0.12683849095274113,0.6096833301790363,0.36426953523799793,315,73,10,1,0.6588500150732558
0.06750963035341206,0.09910506174689666,0.09527651311785601,0.086596323482403,0.6515124712994321,-0.639342851894048,0.48029494054842076,0.42448026711230435,39,0.2989864781366069,0.07743897473151738,1.56121156066374,0.00022530372822151867,0.6524740960051286,0.11209380133805132,0.9230431303574389,26,339,63,41,6,121,22,328,0.06309744657846171,0.021992313685269164,2.79178424565943,1.2725646142743614,0.2152875420792803,0.5098950113931993,1.3397821082121937,1.0995358960849015,0.3042157027620504,0.13611291529214878,0.5567833364115518,0.33107410011970995,276,105,21,0,0.5474385661937278
0.330615554174539,0.30361826699600913,0.02187703529817524,0.125267753740546,0.2186213897907307,-1.2138082130539423,0.5156486510656308,0.42425007606810927,28,0.5143732142978166,0.02677059876475134,2.2648736325822094,0.033764716536513084,0.4043899937948091,0.120708227659045,0.8906708243020347,77,158,115,36,29,220,71,165,0.027815025077293113,0.025990367498723143,2.831979460901781,1.9685621282729442,0.24812202926145666,0.4464182765009505,1.5983053096773836,1.0192951664642451,0.30987732410224084,0.1832782337808293,0.6255750426165536,0.3923331607090951,318,73,63,0,0.7296841085305776
0.5928490721542911,0.04279039901629002,0.12740149755347147,0.0928016552570097,0.14415737601893783,-0.8134145286919203,0.521907732389759,0.4323684797646895,27,0.42323285344375006,0.050598202319849774,1.5623278526191997,0.017366770540150997,0.6254042000435796,0.3181498127580092,0.918870634671467,57,308,78,45,19,182,104,318,0.06803200778531172,0.012657295501046715,1.374226148808882,1.9055170694156132,0.19202656922087166,0.4976354752848492,1.3882034503411185,1.0166123086998489,0.24267820284980116,0.1299022266317871,0.5905246106360559,0.4040633874197898,213,59,21,1,0.6270663250569578
0.020987577975819578,0.16525224058130983,0.34614457117553554,0.21287550331044508,0.25474010695689,-1.1116723159989879,0.30160434744407255,0.41055186184808534,36,0.35458356209689207,0.033643506883139766,2.201544702472721,0.036650656495016004,0.5037181054795842,0.3187802587750405,0.926001787964202,56,325,171,12,35,234,25,155,0.06084330767458064,0.03861140934478352,1.2709054772895791,1.111770512415556,0.20425217218551361,0.32707678283129094,1.4101413511127532,1.1570901831392202,0.28758805604241006,0.18522746540166163,0.557000039282394,0.32596152897503733,305,43,21,0,0.6735737581867901
0.30461627433521127,0.07838781791961359,0.4068448230706665,0.0047437464974421474,0.20540733817706644,-1.0070831674050464,0.5668693344380731,0.2892953152159442,33,0.13930546752024975,0.05432600715737244,2.3616794504714296,0.008548974059568592,0.7832251170382654,0.31481150984024686,0.9389626378713701,30,154,147,33,31,230,103,230,0.03644981320307709,0.00566905730517763,1.6480709515704939,1.5402859865287402,0.2964489907982188,0.5168322473447468,1.3206010850618055,1.0212850475683413,0.2660994160464472,0.12733459806234965,0.4847793573423367,0.3413933123276323,244,83,63,0,0.8097718418943121
0.14443844661654273,0.2842733518878481,0.2995811781818227,0.13191696921675686,0.13979005409702966,-0.7701024398281523,0.29090525773844433,0.4196528105740906,5,0.16090214771187095,0.08348696236386727,3.0670659853102658,0.014512371704939644,0.7576141551956587,0.097812244227339,0.9623518494356934,35,260,156,24,36,128,32,326,0.05407104707218427,0.011145930393771524,1.4173804176571023,1.5819889925273727,0.1859905427815049,0.405847182797134,1.0366275301357317,1.262661435463239,0.30946973287277035,0.10858764769195374,0.5571037697752221,0.3170674314314869,144,84,21,1,0.7456804403778298
0.07631608971905797,0.2005015967617204,0.14128488539594183,0.4431581555321205,0.1387392725911593,-0.7396687394703565,0.3300320752071034,0.43243260604324835,12,0.24622888169320448,0.05885894108052218,2.3630465536390366,0.006310620994446356,0.5051712235211242,0.17463947381284106,0.9608505774516372,113,167,152,11,10,114,36,297,0.06210490551318266,0.009316058422483673,1.2967839236221397,1.6555902128524504,0.22296287129602213,0.42998090630229774,1.483750824616854,1.2823758224722708,0.3650063275597985,0.18506119773401458,0.5762166736792969,0.36674562375456654,195,109,10,1,0.5956391852409803
0.13903174302884524,0.008305709626779801,0.24990479019803374,0.03503332297027943,0.5677244341760619,-1.3461812558161448,0.3524820172855351,0.29795467601561515,24,0.4635686438157801,0.03906963776123055,2.4278089491092896,0.01764753297998419,0.6581255639777926,0.08429699082482682,0.9342123085790854,53,312,140,14,42,249,28,300,0.03193496305736869,0.013085636287670614,1.2374061961844534,1.38850332218074,0.183029634927052,0.48125324045939377,1.5845941889110204,1.2780776656645694,0.27262441883726396,0.15751275927447658,0.574869692122853,0.3608715057178943,284,79,63,0,0.7186788451216296
0.05800043006647701,0.25447793445916533,0.061367848214502196,0.21267863990800337,0.41347514735185215,-0.9133992218509894,0.44677408025214516,0.26690160702746624,14,0.3733629301585883,0.08299711583128552,2.313713164200605,0.0337565454471627,0.5467616607020178,0.09280360574884158,0.8962516514015822,82,289,186,9,24,192,89,372,0.08008905891619753,0.02271372645107188,1.6553120146517593,1.8532149978394172,0.2638445941148124,0.32073470384820435,1.217387310440965,1.1792636660382207,0.2762049283639881,0.18543789953337408,0.48149074149617627,0.39544607842406254,134,31,63,0,0.612768950771439
0.020439459100116884,0.04404264942451518,0.624570939469979,0.08173704581528768,0.22920990619010123,-0.4145310835990846,0.4038373096194499,0.44753556839846614,20,0.5411351420758835,0.09607196921502588,1.687965901948434,0.030460315865788987,0.6442215822423158,0.12744183393946645,0.9425049876282198,74,216,145,2,27,218,59,296,0.025643178826275075,0.011411745119295848,1.594079616676055,1.3913554993206052,0.18390455369495026,0.3618788802191557,1.588518565655777,1.2203143965873116,0.3869393447609171,0.21263156617395051,0.5432496238426716,0.34208257521160085,233,90,21,0,0.8101699672084728
0.09488318609971852,0.6653746236684349,0.190741286993688,0.02692364384490232,0.022077259393256422,-0.6951970693114747,0.5942808527253097,0.3322295699104484,39,0.5485669240033246,0.07889608312075984,1.5307864408720926,0.0038491647254188907,0.6839369294139542,0.23626126352128193,0.9256570762057635,88,312,68,29,20,247,78,290,0.052741730527330194,0.019796170658370735,1.83449005367425,1.18837407619964,0.29242054268153866,0.5306617518808008,1.2587536906723382,1.1051117219639672,0.369075837601905,0.18390227627609962,0.6184755302139715,0.30410350883400245,194,43,21,1,0.6367622175158729
0.01183244867632445,0.15812134329297783,0.36778528951840594,0.42175931299627334,0.04050160551601847,-1.3102032636435825,0.24510125838784277,0.27382489904807006,35,0.18648127405784423,0.06021339322682077,1.7992133257473077,0.003762050541420644,0.864460802946673,0.15262893535639133,0.8914876933601448,79,161,127,24,21,192,37,313,0.08037006894053798,0.03202967022766571,1.0783677590388752,1.1291643532466997,0.23003272986102985,0.47375877292537494,1.5831550737655942,1.2844674486764693,0.4076689647179903,0.19477957614675676,0.564806678133581,0.297441467511929,299,111,10,0,0.6869923087704962
0.27234934956282636,0.2138019828210245,0.1587937169646439,0.11575049982699492,0.23930445082451043,-1.2449604087487867,0.5511031307894205,0.4325190382121633,25,0.5302045547143803,0.07850055490757284,3.148698797760365,0.015597515267234581,0.4271676601516466,0.06595386680564433,0.9611007115100269,90,280,175,24,23,125,118,329,0.0875142288824045,0.017907082206149748,1.9733088371623944,1.0864068208302784,0.19175250170461589,0.5116206475603564,1.1275642677020656,1.0171074779187979,0.2669029732557493,0.21347570933711169,0.5949622774362984,0.32478994800558103,207,63,21,1,0.6656229923212605
0.2794484979206728,0.33509019190375655,0.13413933754052768,0.17765277405119895,0.0736691985838441,-0.5167209383275523,0.3077122098023769,0.3405786204787695,18,0.4111578838942725,0.09194593971980956,1.895611118185388,0.011429547248802543,0.7111408907899854,0.37489894800131507,0.9301117417971889,27,232,181,44,33,219,83,174,0.05009709462784425,0.003989263239269078,2.092968168406483,1.5170410143755584,0.2519195735581634,0.5378711122380281,1.2071702747064952,1.2393510021805716,0.2667158177592304,0.1113431031491243,0.6372589130689421,0.28354785639972285,157,87,10,1,0.7852676177126079
0.4721121339265498,0.15098789655762693,0.04401046937127493,0.17141733361046402,0.16147216653408422,-0.8112398811258148,0.3916282296199097,0.25202143886449957,25,0.47022259446979653,0.08171607192576907,2.4590147080042986,0.008134022440101616,0.30273661476979424,0.12335364479043148,0.9199849505271598,47,367,115,38,8,133,86,127,0.0588031957487103,0.028924170630879025,1.4947979205998534,1.5973542262822704,0.2844963849291788,0.3440540214108575,1.4919163778354423,1.0075146158383255,0.24820411890499874,0.16289395453810868,0.5649538154607406,0.3428744081834832,305,118,63,0,0.8182865734874535
0.1330602752549187,0.22825139407268502,0.022801042147387575,0.31393606496632837,0.3019512235586804,-0.8796973783738622,0.3682716006972696,0.433931284410048,18,0.27053836380600993,0.09834308183582757,2.3009053880460906,0.00655291427444464,0.839179292939118,0.30855049008049656,0.9245709088796903,55,181,73,45,36,150,125,193,0.07285536930650457,0.03688081667080822,2.8015863729398562,1.3039436206817632,0.2973658001109654,0.5169628909072711,1.136959005065984,1.2895023705682356,0.2813271010177784,0.19725156838279578,0.5521508224313099,0.32582413921680814,229,64,21,0,0.5293169847765102
0.1536942713429221,0.04267624484849122,0.0653949225097729,0.24274256038766118,0.4954920009111526,-0.5181276134925323,0.44795704452138324,0.4506170115566635,23,0.18084818029492666,0.08485017155239433,1.9481540198134109,0.034142924302761626,0.5523005426705242,0.08763858662888586,0.9263206257219682,74,228,110,20,17,212,66,303,0.06602728057008801,0.02955925171461945,1.9394274504189208,1.489475379981538,0.26306087248233906,0.5170289747544304,1.267163691997234,1.2890704720215418,0.2641902881533075,0.1823954372554205,0.5952294996230285,0.3349180010258842,315,66,10,0,0.5682893357349413
0.09135277900504406,0.2837027228368101,0.23126744288799733,0.353293227850315,0.04038382741983352,-0.7561302029223006,0.2756346556549622,0.41648634724391054,24,0.3485745575005471,0.02563936227967204,3.3786784300563113,0.03531293314708744,0.5976049462970278,0.19472314834212523,0.9000169900894027,122,171,175,12,34,141,69,373,0.046652962815480016,0.012772805344328387,2.401591425085657,1.0439579673328274,0.24597656968927006,0.46968904149308244,1.4403445896043885,1.0777443373739037,0.2998030087312908,0.17814273021747057,0.5809842794572431,0.38762247827344654,356,84,10,0,0.7715727846859698
0.298201206031004,0.007563445215727746,0.06158123096203532,0.5382360895477367,0.09441802824349636,-1.1333942995591753,0.5915190495654297,0.4161109609738549,39,0.27220393743305477,0.07245766816023017,1.7704616794058075,0.04381073459058668,0.8057079463658026,0.14443217278042753,0.8629726911319294,47,344,190,44,31,202,108,299,0.08086712023122879,0.007604536099108921,2.3746763215254,1.8717537826395487,0.21942548561395722,0.5391465560450223,1.2417853489998048,1.08669451214245,0.3803441073100793,0.17048345986589028,0.5510941501281195,0.30275866311020005,166,115,63,0,0.68989964288628
0.01713581906037378,0.25526735926775884,0.29658711457095893,0.3138918206712116,0.11711788642969703,-1.0503253764190505,0.4338936755840655,0.483091047075712,32,0.35877201324323965,0.04269025714069197,3.428072095631178,0.004861068987338937,0.3092423886597902,0.20145811014763754,0.9138080786353809,89,322,176,9,27,172,115,326,0.03760248963887421,0.03165186619252227,2.916712299185565,1.878646698727712,0.2511945843784542,0.51457522711698,1.2167464447618335,1.2836888058904754,0.4120956177954367,0.10666871976931672,0.5140967549131246,0.331125276708286,358,87,21,1,0.7793840545623228
0.1137020686976217,0.10682072325043047,0.025257955120938726,0.5488023453277745,0.20541690760323475,-1.2732559313597838,0.400207799721049,0.4289695686389803,33,0.5226243954082463,0.054459764407058374,3.481843998778934,0.0441361185851921,0.5796677487332589,0.23570010683746181,0.9087722553175038,106,226,78,26,20,190,57,358,0.025081643865614917,0.01951569545061138,2.811531820776306,1.6187138545656006,0.2453289569902501,0.34639056524186385,1.563102171952945,1.0301639110598289,0.40825672958836745,0.1952426084286252,0.5921764386796412,0.32560070811207326,134,25,63,0,0.6979276279204848
0.22382388752276197,0.04399702840832743,0.5750042318370426,0.0775436733724462,0.07963117885942164,-0.9019345141441698,0.376518997112165,0.3222258195866517,24,0.12709812657260627,0.04712887426992166,2.8962345931255196,0.004498668268296426,0.558347225568853,0.2589767756740599,0.9090159577890076,107,156,85,41,41,186,118,353,0.08200129847386714,0.03851560111493532,1.084460109204344,1.6181224908909195,0.2961911828575031,0.3896444948759089,1.5570320302541643,1.087494697063075,0.32389107361674035,0.18289113286711758,0.6173947088453715,0.400371737262284,362,25,21,1,0.7766371166000339
0.059550890865474826,0.03146830719213422,0.04521429625163206,0.5501965238494655,0.3135699818412933,-0.7488288846271034,0.5093126487602387,0.4888006873978865,21,0.516471766646566,0.0821117957067199,2.221889607143831,0.0025601226230558835,0.6568493655949977,0.2342765839117327,0.9463680153135581,21,343,161,27,41,251,46,360,0.02981930145165344,0.028029261991457208,2.861182767722027,1.626321545012474,0.19281870217391373,0.437839912176361,1.3909862635528947,1.0936523269825982,0.31572655048724385,0.19680762811669827,0.5018723556510375,0.3183364660234249,159,79,10,0,0.6401219937431348
0.12370159042727831,0.008820880611168057,0.20920901153855104,0.3734139675837207,0.28485454983928205,-0.7009505322760711,0.2107470606200038,0.4619566394920075,6,0.4857789939903732,0.046209070274316984,2.776558354173961,0.02501009345338492,0.42500667808794007,0.1483910883620181,0.8885910528586979,32,369,92,24,5,237,75,377,0.030409094403091162,0.022092001336931004,2.553629054983399,1.609789834085242,0.20573069076274159,0.49169713700033774,1.4332942902592354,1.124245086863637,0.25578158290711633,0.10936244236190518,0.4895956593413579,0.31602675913702866,266,108,10,1,0.43464361000594415
0.15076902362883868,0.12180937009181002,0.29517203666499103,0.2643337487076758,0.16791582090668442,-0.7751253861095175,0.3672363930827652,0.3605602373941389,21,0.4866634318033525,0.05765666579048498,3.377198547935408,0.025379006904028903,0.7942225965687858,0.05744443166505162,0.8793405796240834,117,156,104,11,25,250,104,205,0.04898702104385398,0.004724124347166323,2.206770298610844,1.0179841900271986,0.24364815676791027,0.3936703504804143,1.214463930166466,1.2097574819735015,0.31855858689188604,0.12319701783654807,0.5182718976540415,0.3298921169692984,148,45,63,0,0.784130320300492
0.2293138284454234,0.12095117278310279,0.4054451405624621,0.10762137797271758,0.13666848023629397,-0.7932551622398508,0.5682536658336529,0.45933186094265493,13,0.2556095462708992,0.027651863561101886,2.0045760502032888,0.00013079235176552683,0.8255535043766226,0.3962162226481411,0.9638652433003498,47,373,112,26,30,195,60,370,0.054363541150429254,0.03915913001478194,1.7984152832681788,1.42468441176202,0.1882000446157759,0.39523109869887507,1.0676926150592398,1.2757821568057235,0.27997673885385416,0.16552505970299194,0.5378845374964903,0.3885393384588988,319,86,21,0,0.743430645083557
0.054167390952373544,0.25909727235124635,0.06805950050144777,0.2414297518818539,0.37724608431307843,-1.2231669728794106,0.5197389921653484,0.4321235401183316,35,0.3663879174596024,0.023081245302700663,2.938155149032104,0.039123233534641755,0.41020275863422373,0.2740216255626188,0.8948721107716201,54,256,153,48,10,107,108,367,0.08667497819830106,0.018532997958807213,1.8174278556180716,1.265706773698271,0.23625563024159207,0.36377991664573306,1.4503989320608932,1.2828550336491624,0.3789093465939892,0.1530537062056973,0.5643306096008077,0.3811957106119531,306,109,21,0,0.586234251901669
0.148843065607947,0.47401248457616374,0.02537370528248491,0.33113358871006326,0.020637155823341146,-0.9716143286735819,0.4253609153695001,0.26274715201785387,22,0.4766608143846901,0.04275324891225548,3.44365870103733,0.001615985805977308,0.4342520135169502,0.23955156336762953,0.9249721403345993,110,152,154,30,36,208,76,271,0.04160781371650819,0.012499331275738736,1.1481451537509004,1.2982256374813592,0.2108638309230401,0.5086563470749392,1.1642934598900732,1.236026795444182,0.3150887426196591,0.15896474393383334,0.5559866647184247,0.3191778905124949,169,37,21,0,0.6906914255715638
0.016674622188232128,0.1691681986314112,0.06035240073837092,0.5643066417120558,0.1894981367299299,-0.7983639088604182,0.5167413775262738,0.2943351093225172,17,0.2278948356392206,0.02145603984229779,3.2356270600869905,0.041503247986918804,0.876414055300555,0.20341785327928774,0.8831854833533672,66,227,159,26,16,202,112,275,0.02635561094749947,0.014324019788827682,2.562282640355508,1.6141122635730685,0.22241237063069413,0.5123916609270602,1.0224119589935758,1.2933469377203275,0.3533598428838456,0.11459052935781806,0.5783835323398623,0.29467323828526404,362,52,63,0,0.6599009790884346
0.23413700182412045,0.14790721359301096,0.3176260784430314,0.1608542897071624,0.13947541643267494,-1.1140063834580545,0.35087513824684186,0.35528153235050125,28,0.24691995488269106,0.05158125701845384,2.628195329726437,0.02284957078845875,0.8828608281989835,0.245429390300258,0.9579943039579389,57,213,161,14,21,127,46,254,0.0759521088128823,0.019797694629618195,2.3939437998360873,1.047508298240582,0.21617648382307086,0.5418612610970905,1.4935057194465786,1.0977299096174105,0.3920356955680995,0.19225903522120644,0.6351932435386292,0.3568640566578569,155,85,10,0,0.743929689110895
0.11635488147298746,0.4603611691994279,0.34740886893104717,0.02392564494689837,0.05194943544963907,-0.9163221307203955,0.38360215239891626,0.41682970441450745,8,0.22548419012848073,0.03506752383327111,2.4579931392679297,0.031072800929301203,0.8305113886374095,0.08872349541406119,0.8506085002602949,25,241,182,35,5,177,98,278,0.0722470281861452,0.030036866802273333,2.2463066535628693,1.4486388322853194,0.2510039856236814,0.3312929799432828,1.2993574449937648,1.28943320965257,0.32825561680789767,0.1413901141276486,0.5603592576654887,0.293748718069224,138,117,10,0,0.5780399666738254
0.08917208587551323,0.09211079498564866,0.4553276052456036,0.14225006665335327,0.22113944723988113,-1.2047834354937972,0.28603045838317775,0.28465330010810197,25,0.17570550609799446,0.04089780000945496,3.283906116086797,0.028345689320075307,0.630926558320238,0.22453819634484884,0.8589555824527866,104,153,139,17,22,174,107,246,0.07664802538578613,0.03958436458826024,1.8758446144410479,1.2814580765329802,0.2743239853666293,0.41753912782048924,1.1331338785895186,1.027906367330229,0.25177489781499673,0.1942982654927058,0.6118432851220037,0.4159097214309894,141,78,63,1,0.7501855343226538
0.04850941082354912,0.24161033595836706,0.2995566746860914,0.3787794715106514,0.031544107021340834,-1.348904349922402,0.5442306541534495,0.44692502706083304,14,0.3899048705135661,0.03926916871242187,1.7622330355113698,0.018525027984897902,0.7284524548747626,0.33487199785038296,0.8709306985603421,62,289,188,21,11,137,25,354,0.06122715067024519,0.027134684534912856,2.0352512415188118,1.1573218724143213,0.2896981795611154,0.3423561943905943,1.2937102053779461,1.0897230996361829,0.24070816781499038,0.1469157681420172,0.6240334051884197,0.4310828804171382,336,64,63,0,0.6594405890934565
0.33885400580806163,0.3066294088605947,0.10084346604376176,0.07853118539288774,0.17514193389469404,-0.9469014548753619,0.33896085563946754,0.48455710978089817,15,0.2927003466923113,0.07299824276725099,2.6813981156695195,0.006065179815003237,0.47468474561869944,0.18927482807508803,0.8783526221103481,108,325,150,25,19,200,74,357,0.08171874947602152,0.003566886727066145,2.9891165225494727,1.4565592801832725,0.22742262099787947,0.5036609417010309,1.4698796292310088,1.1624607545121362,0.3682738203997565,0.10412205176992297,0.6186594167449765,0.34137751531577015,253,55,63,0,0.8075856889863409
0.03298037357145102,0.061203466708104934,0.18532634231736594,0.6674002158872631,0.05308960151581488,-0.8275663023734057,0.5957594999192537,0.4469492808749024,30,0.21671721593678483,0.08568848102255484,1.6064111863393606,0.028770296293026097,0.553186938258727,0.3317933127172098,0.9601582013197204,38,266,82,4,41,130,88,266,0.038330768061417324,0.0030886327601261244,2.010487701916965,1.9956414571985017,0.295762898809839,0.5020092466959352,1.5521257644950865,1.0819085592064366,0.36219919928605204,0.1508731009706839,0.6385976912553812,0.2831588381970495,179,115,21,1,0.6823638478137456
0.13700077734829025,0.01753946285865266,0.548729113571644,0.2498668315350799,0.04686381468633311,-0.9629287012556468,0.5533165641533,0.35068373172971634,8,0.2233956934451354,0.06204788968368366,1.5637359814591116,0.029243701866401708,0.6894584138773688,0.211798716366408,0.9403073485805798,119,282,136,42,29,209,113,373,0.08263620112047508,0.008465863211691071,2.3891983663841065,1.2777940474447098,0.2137968415686493,0.47180263950499535,1.5623548079495475,1.2732938495412074,0.291143137030006,0.1830036036518549,0.603278147939097,0.40698894917455014,362,78,10,1,0.7568953382271507
0.05416891709061743,0.33883620304814593,0.29692767199234726,0.3088279944328767,0.0012392134360127637,-0.7235766432087672,0.23403218147285787,0.37583307474700356,38,0.4449572120783209,0.0993598233309625,1.7078936651622745,0.024485566562743755,0.7365003648584728,0.09338753967885138,0.8745222855112358,116,360,157,22,17,154,37,320,0.026443057474432933,0.005918318191763179,1.044771636887904,1.9332524929573625,0.21561853541114745,0.35374637472823045,1.4797503962632454,1.2276412964540653,0.24595685771413053,0.10633531187221022,0.6295460609592183,0.28001150319259244,311,118,63,0,0.7199502522724065
0.1830169335287733,0.022408725607925627,0.08947794511273575,0.2882887330496175,0.4168076627009477,-1.250495567489049,0.556778171958391,0.4959727822223426,36,0.43122710610215464,0.06432082836167473,2.386039321353688,0.03713641104368246,0.8343642342298976,0.1427417695612354,0.8694102639626424,112,171,172,19,12,158,51,278,0.047609158133324746,0.025091990327522434,1.565737834567888,1.9398900481700492,0.24912310843722604,0.46067787820739275,1.500310652439962,1.2052723899083588,0.30409494293319356,0.12562255331607838,0.4713265982763245,0.3313132589885343,195,29,21,1,0.5648704794458825
0.017660054466537907,0.18102645636417766,0.04542716099021448,0.7061318137658971,0.04975451441317286,-0.6858747598464625,0.3276119355317324,0.42114588026775335,26,0.12968436720150156,0.07856096984150844,2.86789066501151,0.02868641668752382,0.5666038432755268,0.3041693202314372,0.9660769409501196,83,254,163,31,13,181,86,288,0.024541753335067043,0.010539442086896602,1.1711317113834003,1.7049951793797118,0.201011231263614,0.46149247837216706,1.123404720213223,1.1309788537709156,0.402049160756695,0.2157117919518953,0.611744727546871,0.4141502378154114,229,58,21,0,0.724403366183081
0.1829143320033871,0.32482816229115974,0.03596802065751207,0.26145381273087254,0.19483567231706847,-0.4247567668083277,0.4964214961375328,0.28376860985172536,22,0.21498988746414296,0.02679076120724342,3.28520363105359,0.04424178594654555,0.634283051003574,0.13992088255455656,0.8858594819512593,108,252,66,0,6,158,24,342,0.03854079571045877,0.00416359090980031,1.342324791898133,1.0459493387427874,0.20985583872774533,0.4217908321293005,1.4375183417316544,1.1274824157079455,0.2568388737670758,0.1984499253883144,0.6267555537096736,0.38515124218294405,317,93,63,0,0.7251770857534034
0.19267936976002029,0.2632692981995224,0.04706655100362364,0.07125413011038549,0.4257306509264482,-1.4280105056616443,0.42332790875095244,0.4276905024576944,10,0.16155209472170018,0.0399258038036065,3.219922834010206,0.041016796973154364,0.8149851917823602,0.17734595807085776,0.9017409574963485,102,160,105,13,18,244,62,282,0.04630348212707151,0.019831527886074972,2.617318788762077,1.7188633433746898,0.21866216995312476,0.45014428085909164,1.381538337743028,1.290037128195977,0.3178045700300586,0.17498042413095916,0.5918550900334354,0.3791085097900084,143,106,10,0,0.5430879348404127
0.1425409994751686,0.06234590805202877,0.07530144811814095,0.3987432391177689,0.3210684052368928,-1.2128713677289236,0.4955315907337955,0.36358807545673677,27,0.5490762610468433,0.029461576896934683,2.391634702622288,0.03246960733554145,0.8968039410409253,0.24735860572807125,0.9190922748659277,92,310,96,2,26,101,83,211,0.043211617917504726,0.0048812867490695975,2.6737753567272007,1.868302317076291,0.2280574748285359,0.4053803316625892,1.2944314883760113,1.2412265884298466,0.30038617218484265,0.16834331515740936,0.6104048745089063,0.3944310270156445,367,29,63,1,0.6287155820931768
